time_stamp,AQHI from WN,humidity,temperature,pressure,voc,pm2.5_alt,2.5_um_count,pm2.5_atm,pm2.5_cf_1
2023-06-24T21:00:00-04:00,4,39,85,979.95,,14.7,13.39,23.1,23.2
2023-06-24T21:10:00-04:00,4,40,84,980,,15.2,14.92,24.4,24.4
2023-06-24T21:20:00-04:00,4,40,83,980.04,,15.4,13.06,24.4,24.4
2023-06-24T21:30:00-04:00,4,40,82,980.19,,16.1,13,25.5,25.5
2023-06-24T21:40:00-04:00,4,41,81,980.45,,17.1,15.46,27.3,27.5
2023-06-24T21:50:00-04:00,4,42,81,980.52,,17.4,18.01,27.9,28.2
2023-06-24T22:00:00-04:00,3,42,81,980.55,,17.4,15.4,27.5,27.6
2023-06-24T22:10:00-04:00,3,43,80,980.64,,18.1,17.39,28.8,29.1
2023-06-24T22:20:00-04:00,3,44,80,980.66,,18.3,18.98,29.5,29.9
2023-06-24T22:30:00-04:00,3,44,80,980.69,,18.5,20.07,29.3,29.8
2023-06-24T22:40:00-04:00,3,44,79,980.74,,19.1,22.76,30.6,31.6
2023-06-24T22:50:00-04:00,3,44,79,980.67,,19.3,20.8,30.8,31.9
2023-06-24T23:00:00-04:00,3,44,78,980.65,,19.5,22.1,30.8,31.9
2023-06-24T23:10:00-04:00,3,45,78,980.7,,19.2,19.45,30.6,31.5
2023-06-24T23:20:00-04:00,3,46,77,980.84,,18.9,22.46,30.4,31.2
2023-06-24T23:30:00-04:00,3,48,76,980.78,,20.4,22.39,31.8,33.7
2023-06-24T23:40:00-04:00,3,47,76,980.74,,28.7,30.3,40.1,48.1
2023-06-24T23:50:00-04:00,3,48,76,980.65,,35.1,36.39,45,58.9
2023-06-25T00:00:00-04:00,3,48,76,980.61,,35.1,35.96,45.3,59.5
2023-06-25T00:10:00-04:00,3,49,75,980.64,,35.4,37.16,45.5,60.2
2023-06-25T00:20:00-04:00,3,49,75,980.61,,39.1,40.04,47.8,65.7
2023-06-25T00:30:00-04:00,3,49,75,980.65,,45.6,46.54,51.9,76.7
2023-06-25T00:40:00-04:00,3,48,74,980.61,,55,56.32,61.1,92.8
2023-06-25T00:50:00-04:00,3,48,74,980.57,,66.5,65.43,73.9,111.9
2023-06-25T01:00:00-04:00,3,47,74,980.6,,78.3,74.91,86.5,130.9
2023-06-25T01:10:00-04:00,3,46,74,980.57,,85.7,83.59,95.2,143.9
2023-06-25T01:20:00-04:00,3,46,74,980.57,,93.8,87.55,103.6,156.6
2023-06-25T01:30:00-04:00,3,46,73,980.53,,100.3,98.05,111.5,168.4
2023-06-25T01:40:00-04:00,3,46,73,980.41,,107,102.36,117.7,177.7
2023-06-25T01:50:00-04:00,3,46,73,980.48,,115.5,109.97,127.3,192.1
2023-06-25T02:00:00-04:00,5,45,73,980.46,,127.8,121.72,140.1,211.3
2023-06-25T02:10:00-04:00,5,45,73,980.51,,134,132.33,147.5,222.4
2023-06-25T02:20:00-04:00,5,45,72,980.57,,140.7,141.48,155.2,233.8
2023-06-25T02:30:00-04:00,5,44,72,980.54,,144.1,146.34,158.9,239.5
2023-06-25T02:40:00-04:00,5,45,72,980.39,,145.5,141.1,159.3,240
2023-06-25T02:50:00-04:00,5,45,72,980.34,,148,145.56,162.6,245
2023-06-25T03:00:00-04:00,7,45,72,980.22,,154.2,154.24,169.6,255.6
2023-06-25T03:10:00-04:00,7,44,72,980.08,,158.6,158.05,173.4,261.2
2023-06-25T03:20:00-04:00,7,44,72,979.99,,161.6,160.27,176.6,265.9
2023-06-25T03:30:00-04:00,7,44,71,979.91,,161.1,164.77,176.6,265.9
2023-06-25T03:40:00-04:00,7,44,72,980.09,,160.2,160.76,175,263.6
2023-06-25T03:50:00-04:00,7,44,71,980.23,,164.8,166.72,179.5,270.4
2023-06-25T04:00:00-04:00,9,44,71,980.1,,167.8,177.54,183.5,276.4
2023-06-25T04:10:00-04:00,9,44,71,980.11,,171.7,178.48,186.8,281.3
2023-06-25T04:20:00-04:00,9,44,71,980.22,,171,180.6,186.7,281.2
2023-06-25T04:30:00-04:00,9,44,71,980.34,,170.4,181.96,186.5,280.9
2023-06-25T04:40:00-04:00,9,45,70,980.45,,171.6,177.58,186.3,280.7
2023-06-25T04:50:00-04:00,9,45,70,980.6,,170.9,183.96,186.7,281.3
2023-06-25T05:00:00-04:00,10,45,70,980.71,,173.2,186.67,189.3,285.1
2023-06-25T05:10:00-04:00,10,46,69,980.57,,175.1,184.88,190.1,286.2
2023-06-25T05:20:00-04:00,10,47,69,980.49,,176.5,187.85,191.8,288.9
2023-06-25T05:30:00-04:00,10,47,69,980.53,,179.7,192.59,195,293.6
2023-06-25T05:40:00-04:00,10,47,69,980.56,,182.3,201.01,198.1,298.2
2023-06-25T05:50:00-04:00,10,47,69,980.49,,183.8,205.33,200.2,301.5
2023-06-25T06:00:00-04:00,11,47,69,980.6,,185.2,210.75,202.1,304.3
2023-06-25T06:10:00-04:00,11,47,69,980.6,,189.2,210.56,205,308.6
2023-06-25T06:20:00-04:00,11,48,68,980.58,,190.7,215.16,206.8,311.3
2023-06-25T06:30:00-04:00,11,49,68,980.64,,189.2,214.55,205.1,308.7
2023-06-25T06:40:00-04:00,11,50,68,980.69,,191.4,214.72,207.9,313.1
2023-06-25T06:50:00-04:00,11,50,68,980.69,,190.8,214.45,206.6,311.1
2023-06-25T07:00:00-04:00,11,49,69,980.48,,189.5,216.63,205.3,308.9
2023-06-25T07:10:00-04:00,11,49,70,980.38,,184.4,211.5,200.4,301.7
2023-06-25T07:20:00-04:00,11,47,70,980.33,,176.9,199.17,192.6,290
2023-06-25T07:30:00-04:00,11,47,71,980.34,,169.2,188.19,183.7,276.7
2023-06-25T07:40:00-04:00,11,46,71,980.39,,163.1,187.22,178.2,268.4
2023-06-25T07:50:00-04:00,11,46,72,980.25,,155.8,173.66,170.1,256.3
2023-06-25T08:00:00-04:00,11,45,72,980.17,,149.8,164.43,162.8,245.4
2023-06-25T08:10:00-04:00,11,45,73,980.3,,149.6,163.58,163,245.6
2023-06-25T08:20:00-04:00,11,44,73,980.46,,158.6,177.22,172.1,259.4
2023-06-25T08:30:00-04:00,11,44,73,980.38,,170.1,194.46,184.5,277.9
2023-06-25T08:40:00-04:00,11,44,74,980.3,,181.1,212.59,196,295.1
2023-06-25T08:50:00-04:00,11,44,74,980.26,,197.6,237.2,212.5,319.9
2023-06-25T09:00:00-04:00,11,44,74,980.05,,209.5,253.62,224.9,338.5
2023-06-25T09:10:00-04:00,11,43,75,979.94,,223.7,278.74,239.7,360.7
2023-06-25T09:20:00-04:00,11,42,76,979.87,,253.4,326.67,269.4,405.2
2023-06-25T09:30:00-04:00,11,41,76,979.7,,281.5,377.66,298.9,449.4
2023-06-25T09:40:00-04:00,11,41,77,979.69,,285.6,384.67,302.4,454.7
2023-06-25T09:50:00-04:00,11,41,78,979.59,,292.5,388.15,308.4,463.6
2023-06-25T10:00:00-04:00,13,40,78,979.55,,306.9,410.01,322.7,485
2023-06-25T10:10:00-04:00,13,40,79,979.48,,318.8,432.54,334.8,503.3
2023-06-25T10:20:00-04:00,13,39,80,979.54,,326.7,440.43,341.9,513.8
2023-06-25T10:30:00-04:00,13,39,80,979.36,,331.9,452.14,347.6,522.4
2023-06-25T10:40:00-04:00,13,39,80,979.25,,333.8,461.71,350.3,526.5
2023-06-25T10:50:00-04:00,13,39,81,979.17,,338.3,456.86,353.1,530.7
2023-06-25T11:00:00-04:00,16,39,81,979.11,,338.7,466.04,355.2,533.8
2023-06-25T11:10:00-04:00,16,39,81,979.04,,346.6,473.3,362.2,544.3
2023-06-25T11:20:00-04:00,16,39,82,979.12,,341.1,474.47,357.4,537.1
2023-06-25T11:30:00-04:00,16,38,83,979,,343.4,458.88,356.5,535.8
2023-06-25T11:40:00-04:00,16,37,84,979.01,,347.9,472.54,361,542.5
2023-06-25T11:50:00-04:00,16,37,85,978.91,,346.8,454.89,359,539.4
2023-06-25T12:00:00-04:00,19,36,85,978.78,,344.2,444.96,356.3,535.3
2023-06-25T12:10:00-04:00,19,36,86,978.76,,343.6,446.08,355.5,534.2
2023-06-25T12:20:00-04:00,19,35,86,978.66,,342.6,436.66,354.8,533.2
2023-06-25T12:30:00-04:00,19,35,87,978.46,,339.4,428.01,350.1,526.1
2023-06-25T12:40:00-04:00,19,35,88,978.21,,334.1,423.16,346,520
2023-06-25T12:50:00-04:00,19,34,89,978.14,,334.5,411.14,345.6,519.4
2023-06-25T13:00:00-04:00,21,34,89,978,,331.8,419.88,344.1,517.2
2023-06-25T13:10:00-04:00,21,34,90,978.09,,333.6,403.02,342.8,515.2
2023-06-25T13:20:00-04:00,21,33,90,978.19,,334,414.54,344.6,517.9
2023-06-25T13:30:00-04:00,21,33,90,978.13,,333.7,406.08,343.3,515.9
2023-06-25T13:40:00-04:00,21,33,91,978.06,,334.1,408.35,344.1,517.1
2023-06-25T13:50:00-04:00,21,33,91,978.02,,337.8,411.89,346.4,520.7
2023-06-25T14:00:00-04:00,22,33,91,977.94,,340.4,410.82,348.8,524.2
2023-06-25T14:10:00-04:00,22,33,92,977.81,,339.2,411.36,348.2,523.3
2023-06-25T14:20:00-04:00,22,33,92,977.77,,343.9,426.18,352.2,529.3
2023-06-25T14:30:00-04:00,22,32,93,977.73,,342.3,415.75,350.7,527
2023-06-25T14:40:00-04:00,22,32,92,977.64,,347.1,427.38,355.9,534.9
2023-06-25T14:50:00-04:00,22,33,91,977.51,,349.6,414.21,356.5,535.8
2023-06-25T15:00:00-04:00,22,34,91,977.48,,350.1,432.57,358.3,538.5
2023-06-25T15:10:00-04:00,22,34,91,977.36,,354,441.15,362.1,544.3
2023-06-25T15:20:00-04:00,22,34,92,977.26,,354,452.16,363.2,545.8
2023-06-25T15:30:00-04:00,22,34,92,977.16,,357.2,436.83,364.4,547.6
2023-06-25T15:40:00-04:00,22,33,93,977.09,,359.7,461.02,368.8,554.1
2023-06-25T15:50:00-04:00,22,33,93,976.97,,363.8,461.09,371.3,557.9
2023-06-25T16:00:00-04:00,23,33,93,976.82,,362.8,460.48,370.9,557.3
2023-06-25T16:10:00-04:00,23,33,93,976.66,,364.1,472.92,372.2,559.3
2023-06-25T16:20:00-04:00,23,33,93,976.53,,365.9,468.03,373.6,561.3
2023-06-25T16:30:00-04:00,23,33,93,976.54,,369.2,473.4,377.2,566.8
2023-06-25T16:40:00-04:00,23,34,92,976.31,,368.7,479.76,376.2,565.3
2023-06-25T16:50:00-04:00,23,34,92,976.36,,372.6,495.56,380.8,572.2
2023-06-25T17:00:00-04:00,24,34,93,976.28,,369.6,483.05,376.6,566
2023-06-25T17:10:00-04:00,24,35,91,976.05,,369.2,472.88,374.1,562.1
2023-06-25T17:20:00-04:00,24,36,90,975.87,,362.8,482.78,371.8,558.8
2023-06-25T17:30:00-04:00,24,38,89,975.74,,359.5,479.34,368.5,553.8
2023-06-25T17:40:00-04:00,24,38,89,975.65,,354.4,475.28,364.3,547.5
2023-06-25T17:50:00-04:00,24,39,89,975.49,,351.9,465.17,361.2,542.8
2023-06-25T18:00:00-04:00,24,38,89,975.34,,343.7,444.65,352.9,530.4
2023-06-25T18:10:00-04:00,24,38,89,975.36,,337,442,347,521.4
2023-06-25T18:20:00-04:00,24,38,89,975.22,,331.8,421.81,340.8,512.2
2023-06-25T18:30:00-04:00,24,39,88,975.19,,325.7,419.3,335.9,504.9
2023-06-25T18:40:00-04:00,24,40,87,975.12,,324.9,412.75,333.9,501.8
2023-06-25T18:50:00-04:00,24,41,87,974.97,,318.2,401.81,328,493.1
2023-06-25T19:00:00-04:00,24,41,86,974.7,,311.9,389.3,321.2,482.9
2023-06-25T19:10:00-04:00,24,42,86,974.7,,309.2,377.07,318.9,479.4
2023-06-25T19:20:00-04:00,24,43,85,974.92,,302.5,380.89,313.7,471.6
2023-06-25T19:30:00-04:00,24,43,85,974.98,,292.2,364.31,303.6,456.6
2023-06-25T19:40:00-04:00,24,43,84,974.78,,280.1,341.55,290.5,436.8
2023-06-25T19:50:00-04:00,24,42,84,974.81,,264.5,317.78,274.9,413.6
2023-06-25T20:00:00-04:00,22,43,83,974.76,,260.2,316.7,270.7,407.2
2023-06-25T20:10:00-04:00,22,43,83,974.56,,271.6,339.48,282,424.1
2023-06-25T20:20:00-04:00,22,43,82,974.57,,308.8,422.34,321.6,483.4
2023-06-25T20:30:00-04:00,22,44,82,974.83,,347.4,505.99,361.1,542.6
2023-06-25T20:40:00-04:00,22,44,81,974.75,,368.9,568.95,384.6,577.9
2023-06-25T20:50:00-04:00,22,44,81,974.51,,380.6,599.83,396,594.9
2023-06-25T21:00:00-04:00,20,45,80,974.68,,384.5,620.25,400.9,602.4
2023-06-25T21:10:00-04:00,20,47,79,974.94,,384.7,634.66,402.8,605.2
2023-06-25T21:20:00-04:00,20,49,79,975.04,,372.1,608.9,389.4,585.2
2023-06-25T21:30:00-04:00,20,55,77,974.8,,325.5,528.54,340.9,512.4
2023-06-25T21:40:00-04:00,20,58,76,974.72,,336.1,555,351.8,528.8
2023-06-25T21:50:00-04:00,20,61,76,974.91,,354.5,614.85,372.9,560.4
2023-06-25T22:00:00-04:00,20,62,75,975.16,,357.2,619.99,376.2,565.2
2023-06-25T22:10:00-04:00,20,63,75,975.04,,335.9,577.31,353.7,531.5
2023-06-25T22:20:00-04:00,20,63,75,974.74,,296.3,495.78,312.5,469.8
2023-06-25T22:30:00-04:00,20,64,75,974.76,,279.6,454.83,294.9,443.3
2023-06-25T22:40:00-04:00,20,64,74,974.82,,237.7,382.35,250.8,377.5
2023-06-25T22:50:00-04:00,20,64,74,974.6,,195.7,296.03,205.5,309.3
2023-06-25T23:00:00-04:00,19,63,74,974.55,,135.8,198.77,143.7,216.6
2023-06-25T23:10:00-04:00,19,62,74,974.43,,81.8,114.4,86.5,130.8
2023-06-25T23:20:00-04:00,19,61,74,974.36,,62.9,92.91,66.8,101.3
2023-06-25T23:30:00-04:00,19,62,74,974.27,,64.5,94.81,68.4,103.7
2023-06-25T23:40:00-04:00,19,63,74,974.17,,67.3,102.98,71.6,108.5
2023-06-25T23:50:00-04:00,19,64,73,973.87,,75.5,112.43,79.6,120.6
2023-06-26T00:00:00-04:00,15,64,73,973.69,,96.8,146.25,102.7,155.1
2023-06-26T00:10:00-04:00,15,66,72,973.98,,109,166.97,116.1,175.3
2023-06-26T00:20:00-04:00,15,70,72,974.4,,138.6,226.08,148.3,223.5
2023-06-26T00:30:00-04:00,15,70,71,974.14,,169.3,280.05,181.3,273
2023-06-26T00:40:00-04:00,15,70,72,973.69,,189.5,308.17,201.6,303.5
2023-06-26T00:50:00-04:00,15,69,72,973.52,,169.4,275.82,181,272.6
2023-06-26T01:00:00-04:00,11,69,72,973.24,,117.5,180.5,125.4,189.3
2023-06-26T01:10:00-04:00,11,68,72,973.11,,87.2,127.37,92.4,139.7
2023-06-26T01:20:00-04:00,11,68,72,973.19,,64.1,93.18,68,103.1
2023-06-26T01:30:00-04:00,11,67,72,973.07,,47,70.99,51.8,76
2023-06-26T01:40:00-04:00,11,67,72,972.97,,36.4,56.34,45,59
2023-06-26T01:50:00-04:00,11,67,72,972.89,,29.4,44.7,39.9,47.5
2023-06-26T02:00:00-04:00,7,68,72,972.82,,36,56.3,44.3,57.8
2023-06-26T02:10:00-04:00,7,68,72,972.64,,54.8,87.31,59,88.4
2023-06-26T02:20:00-04:00,7,68,72,972.56,,63.2,98.58,67.2,102
2023-06-26T02:30:00-04:00,7,68,72,972.53,,56.3,88.56,60.2,91.4
2023-06-26T02:40:00-04:00,7,68,72,972.4,,71.8,109.89,76.3,115.5
2023-06-26T02:50:00-04:00,7,69,72,972.36,,98.8,138.68,104.5,157.9
2023-06-26T03:00:00-04:00,6,68,72,972.3,,111.6,150.2,118.3,178.5
2023-06-26T03:10:00-04:00,6,69,73,972.19,,127.3,172.04,135.5,204.4
2023-06-26T03:20:00-04:00,6,68,72,972.11,,174.3,252.33,185.1,278.8
2023-06-26T03:30:00-04:00,6,69,72,972.12,,199,298.38,210.5,316.8
2023-06-26T03:40:00-04:00,6,70,72,972.24,,187.5,278.49,198.8,299.3
2023-06-26T03:50:00-04:00,6,70,72,972.06,,189.1,283.44,200.5,301.8
2023-06-26T04:00:00-04:00,5,70,72,971.96,,225.2,344.54,237.8,357.8
2023-06-26T04:10:00-04:00,5,70,72,972.03,,231.8,365.64,245.5,369.3
2023-06-26T04:20:00-04:00,5,70,72,972.1,,229.4,365.62,243.2,366
2023-06-26T04:30:00-04:00,5,70,72,972.18,,242.6,386.46,255.4,384.2
2023-06-26T04:40:00-04:00,5,69,72,972.13,,252,409.26,267.1,401.8
2023-06-26T04:50:00-04:00,5,69,72,972.07,,259.1,416.09,273.6,411.5
2023-06-26T05:00:00-04:00,7,69,72,972.05,,258.2,420.94,273.6,411.5
2023-06-26T05:10:00-04:00,7,69,72,972.09,,257.8,426.5,273.3,411
2023-06-26T05:20:00-04:00,7,69,72,972,,255.5,433.44,272.3,409.5
2023-06-26T05:30:00-04:00,7,69,72,971.92,,253.4,420.23,269,404.7
2023-06-26T05:40:00-04:00,7,69,72,971.87,,253.8,417.72,268.6,404
2023-06-26T05:50:00-04:00,7,69,72,971.74,,249.1,417.58,265.7,399.6
2023-06-26T06:00:00-04:00,9,69,72,971.55,,246.4,414.7,262,394.2
2023-06-26T06:10:00-04:00,9,69,72,971.54,,245.1,402.84,260.1,391.3
2023-06-26T06:20:00-04:00,9,69,72,971.58,,242.5,399.78,257.3,387.1
2023-06-26T06:30:00-04:00,9,69,72,971.7,,240.2,392.9,255.3,384.1
2023-06-26T06:40:00-04:00,9,69,72,971.74,,238,394.49,253.1,380.7
2023-06-26T06:50:00-04:00,9,69,72,971.73,,234.7,372.39,248.6,374.1
2023-06-26T07:00:00-04:00,11,69,73,971.65,,231.2,370.29,244.8,368.3
2023-06-26T07:10:00-04:00,11,68,73,971.51,,227,353.56,240.5,361.9
2023-06-26T07:20:00-04:00,11,68,73,971.49,,222.2,345.75,235.6,354.4
2023-06-26T07:30:00-04:00,11,68,73,971.49,,215.5,321.85,226.3,340.6
2023-06-26T07:40:00-04:00,11,67,74,971.63,,211.3,314.83,223.3,336.1
2023-06-26T07:50:00-04:00,11,67,74,971.7,,204.6,300.57,215.5,324.4
2023-06-26T08:00:00-04:00,12,67,74,971.74,,200,288.89,210.8,317.3
2023-06-26T08:10:00-04:00,12,66,74,971.84,,198.3,293.49,210,316.1
2023-06-26T08:20:00-04:00,12,66,75,971.96,,195.5,280.32,206.2,310.4
2023-06-26T08:30:00-04:00,12,66,75,972.05,,195.5,270.02,204.4,307.6
2023-06-26T08:40:00-04:00,12,65,75,972.03,,190.2,264.12,200,301.1
2023-06-26T08:50:00-04:00,12,64,76,971.91,,183.4,250.4,191.9,289
2023-06-26T09:00:00-04:00,11,63,77,971.88,,178.2,237.62,186.5,280.9
2023-06-26T09:10:00-04:00,11,62,77,971.79,,172.6,223.32,180.4,271.8
2023-06-26T09:20:00-04:00,11,62,77,971.73,,169.5,218.81,177.8,267.7
2023-06-26T09:30:00-04:00,11,61,78,971.64,,163,203.91,170.4,256.7
2023-06-26T09:40:00-04:00,11,59,79,971.63,,142,177.54,149,224.6
2023-06-26T09:50:00-04:00,11,57,78,971.61,,124.3,150.24,130.5,196.9
2023-06-26T10:00:00-04:00,10,57,79,971.65,,116,141.06,122.1,184.2
2023-06-26T10:10:00-04:00,10,57,79,971.6,,100.4,117.75,104.9,158.5
2023-06-26T10:20:00-04:00,10,56,79,971.53,,86.1,105.46,90.4,136.7
2023-06-26T10:30:00-04:00,10,56,80,971.46,,94.5,111,99.4,150.2
2023-06-26T10:40:00-04:00,10,56,81,971.27,,103.3,122.54,108.6,164.1
2023-06-26T10:50:00-04:00,10,54,81,971.19,,104.7,119.04,109.2,165
2023-06-26T11:00:00-04:00,8,53,83,971.18,,100.3,109.71,104.7,158.1
2023-06-26T11:10:00-04:00,8,51,84,971.08,,90.4,99.34,93.7,141.7
2023-06-26T11:20:00-04:00,8,48,84,971.18,,73.7,81.32,77.3,117
2023-06-26T11:30:00-04:00,8,48,84,971.22,,70.5,76.17,73.3,111
2023-06-26T11:40:00-04:00,8,47,85,971.16,,71.1,76.47,73.7,111.7
2023-06-26T11:50:00-04:00,8,47,86,971.24,,69.1,75.49,71.9,108.9
2023-06-26T12:00:00-04:00,7,47,85,971.1,,67.7,74.44,70,106.1
2023-06-26T12:10:00-04:00,7,47,86,970.93,,65.3,69.74,67.8,102.7
2023-06-26T12:20:00-04:00,7,45,87,970.74,,58.4,62.07,60.6,91.9
2023-06-26T12:30:00-04:00,7,44,88,970.6,,54.4,58.25,57,85.4
2023-06-26T12:40:00-04:00,7,43,88,970.54,,47.1,49.15,50.8,74
2023-06-26T12:50:00-04:00,7,42,88,970.58,,47.1,50.59,51.1,74.5
2023-06-26T13:00:00-04:00,6,43,87,970.49,,47.7,49.26,51.4,75.4
2023-06-26T13:10:00-04:00,6,43,87,970.64,,46.6,50.92,50.8,73.8
2023-06-26T13:20:00-04:00,6,43,87,970.79,,44.5,46.89,49.5,70.2
2023-06-26T13:30:00-04:00,6,43,87,970.8,,46.1,49.26,50.7,73.3
2023-06-26T13:40:00-04:00,6,43,87,970.81,,51.1,55.11,53.9,81.2
2023-06-26T13:50:00-04:00,6,43,87,970.78,,55.4,59.73,57.8,87.7
2023-06-26T14:00:00-04:00,5,44,86,970.61,,60.2,63.5,62.5,94.8
2023-06-26T14:10:00-04:00,5,49,83,970.75,,61.3,66.61,64,97
2023-06-26T14:20:00-04:00,5,53,81,970.66,,56,63.04,58.7,89.1
2023-06-26T14:30:00-04:00,5,56,80,970.32,,54.9,59.79,57.1,86.8
2023-06-26T14:40:00-04:00,5,58,80,970.07,,58.5,64.59,61.2,92.9
2023-06-26T14:50:00-04:00,5,59,79,970,,65.5,72.38,68.7,104.2
2023-06-26T15:00:00-04:00,4,60,79,970.18,,65.6,71.9,68.5,103.9
2023-06-26T15:10:00-04:00,4,61,79,970.21,,62.7,68.68,65.4,99.1
2023-06-26T15:20:00-04:00,4,60,79,970.23,,59,66.79,62.1,94.3
2023-06-26T15:30:00-04:00,4,60,80,970.32,,57.4,61.63,60.3,91.5
2023-06-26T15:40:00-04:00,4,58,81,970.3,,53.7,57.45,56.1,85.3
2023-06-26T15:50:00-04:00,4,56,83,970.16,,52.3,58.22,55.1,83.5
2023-06-26T16:00:00-04:00,4,53,83,969.99,,50.3,54.09,53.2,80
2023-06-26T16:10:00-04:00,4,51,84,969.8,,50.2,53.12,53.2,80
2023-06-26T16:20:00-04:00,4,49,86,969.72,,50.9,50.71,53.6,80.7
2023-06-26T16:30:00-04:00,4,47,86,969.75,,54.9,54.2,57.5,87.1
2023-06-26T16:40:00-04:00,4,47,85,969.83,,59.8,59.31,62.1,94.3
2023-06-26T16:50:00-04:00,4,48,85,969.75,,55.8,55.94,58.2,88.4
2023-06-26T17:00:00-04:00,4,48,84,969.79,,52.4,56,55.2,83.3
2023-06-26T17:10:00-04:00,4,46,87,969.82,,43.6,46.68,49.1,69.3
2023-06-26T17:20:00-04:00,4,43,89,969.75,,42.5,45.4,48.4,67.5
2023-06-26T17:30:00-04:00,4,42,89,969.61,,45.8,45.4,50.3,72.4
2023-06-26T17:40:00-04:00,4,43,87,969.59,,45.8,43.63,50.3,72.3
2023-06-26T17:50:00-04:00,4,44,86,969.43,,44.2,44.94,49.5,70.2
2023-06-26T18:00:00-04:00,4,43,87,969.46,,38.2,40.63,45.8,60.9
2023-06-26T18:10:00-04:00,4,44,86,969.55,,39.5,40.56,46.5,62.7
2023-06-26T18:20:00-04:00,4,39,91,969.6,,38.1,39,45.5,60.1
2023-06-26T18:30:00-04:00,4,37,92,969.63,,38.8,39.34,46,61.5
2023-06-26T18:40:00-04:00,4,39,89,969.66,,40.7,38.9,47.3,64.5
2023-06-26T18:50:00-04:00,4,39,89,969.77,,40.7,40,47.2,64.5
2023-06-26T19:00:00-04:00,4,39,90,969.77,,38.8,38.85,45.9,61.2
2023-06-26T19:10:00-04:00,4,35,93,969.84,,35.5,34.7,43.7,55.9
2023-06-26T19:20:00-04:00,4,34,93,969.93,,32.2,31.19,41.8,51.2
2023-06-26T19:30:00-04:00,4,35,92,969.93,,31.4,29.31,41,49.7
2023-06-26T19:40:00-04:00,4,35,92,969.78,,30.8,27.31,40.2,48.1
2023-06-26T19:50:00-04:00,4,38,89,969.74,,30.9,29.82,40.4,48.6
2023-06-26T20:00:00-04:00,4,41,87,969.77,,31.7,30.5,40.8,49.3
2023-06-26T20:10:00-04:00,4,44,85,969.78,,32.9,33.66,41.8,51.4
2023-06-26T20:20:00-04:00,4,46,82,969.78,,32.4,33.68,41.7,51.4
2023-06-26T20:30:00-04:00,4,49,81,969.9,,29.8,31.74,39.6,47
2023-06-26T20:40:00-04:00,4,51,79,970,,32.7,35.87,41.9,51.8
2023-06-26T20:50:00-04:00,4,53,78,970.04,,39.5,45.07,46.7,63
2023-06-26T21:00:00-04:00,4,55,77,970.06,,43.4,48.58,49,68.8
2023-06-26T21:10:00-04:00,4,56,76,970.22,,43.4,48,49,69.1
2023-06-26T21:20:00-04:00,4,57,76,970.35,,45.9,52.05,50.6,73.2
2023-06-26T21:30:00-04:00,4,58,76,970.5,,49.5,57.24,52.5,78.4
2023-06-26T21:40:00-04:00,4,58,76,970.62,,50.8,59.6,53.8,81.2
2023-06-26T21:50:00-04:00,4,59,76,970.78,,50.4,57.23,53.4,80.3
2023-06-26T22:00:00-04:00,4,59,76,970.82,,50.7,59.13,53.8,81.2
2023-06-26T22:10:00-04:00,4,59,76,970.76,,51.3,57.84,54.2,81.9
2023-06-26T22:20:00-04:00,4,60,76,970.77,,51.6,57.76,54.5,82.3
2023-06-26T22:30:00-04:00,4,60,75,970.66,,49.7,54.44,53,79.3
2023-06-26T22:40:00-04:00,4,60,75,970.9,,48.8,55.06,52.4,77.8
2023-06-26T22:50:00-04:00,4,61,75,970.99,,49.3,56.66,52.7,79
2023-06-26T23:00:00-04:00,4,61,75,970.97,,50.2,56.2,53.4,80.2
2023-06-26T23:10:00-04:00,4,62,74,970.7,,55,60.49,57.4,87.2
2023-06-26T23:20:00-04:00,4,62,74,970.9,,58.6,66.87,61.1,92.9
2023-06-26T23:30:00-04:00,4,63,74,970.85,,62.9,71.71,66.2,100.4
2023-06-26T23:40:00-04:00,4,64,73,970.9,,69,77.38,72.2,109.5
2023-06-26T23:50:00-04:00,4,64,73,970.92,,74.9,84.8,78.5,118.8
2023-06-27T00:00:00-04:00,4,64,73,970.95,,77.4,88.07,81.3,123
2023-06-27T00:10:00-04:00,4,64,73,970.89,,80.8,92.17,85.1,128.7
2023-06-27T00:20:00-04:00,4,64,72,970.88,,85.7,99.07,89.9,135.9
2023-06-27T00:30:00-04:00,4,65,72,970.94,,95.9,121.44,100.8,152.3
2023-06-27T00:40:00-04:00,4,65,72,970.96,,100.6,129.42,106,160.1
2023-06-27T00:50:00-04:00,4,65,72,970.92,,104.3,136.85,110,166.2
2023-06-27T01:00:00-04:00,4,65,72,970.94,,106.4,143.09,111.9,169
2023-06-27T01:10:00-04:00,4,65,72,970.81,,107.3,144.25,113.2,170.9
2023-06-27T01:20:00-04:00,4,65,72,970.79,,108.6,152.48,114.6,173
2023-06-27T01:30:00-04:00,4,66,71,970.69,,109.5,154.85,115.8,174.7
2023-06-27T01:40:00-04:00,4,66,71,970.75,,110.9,160.1,117.1,176.8
2023-06-27T01:50:00-04:00,4,66,71,970.83,,114.8,170.94,121,182.5
2023-06-27T02:00:00-04:00,5,67,71,970.92,,118.7,189.11,125.8,189.7
2023-06-27T02:10:00-04:00,5,67,71,971.04,,122.8,202,130.3,196.5
2023-06-27T02:20:00-04:00,5,67,71,971.02,,125.3,217.57,133.7,201.7
2023-06-27T02:30:00-04:00,5,67,71,971,,124.4,215.24,132.5,199.9
2023-06-27T02:40:00-04:00,5,67,70,971.02,,128.1,230.05,136.8,206.4
2023-06-27T02:50:00-04:00,5,66,70,970.97,,129.5,241.55,139.4,210.1
2023-06-27T03:00:00-04:00,6,67,70,971,,133.6,248.66,143.6,216.6
2023-06-27T03:10:00-04:00,6,66,70,970.85,,130,227.96,139.5,210.2
2023-06-27T03:20:00-04:00,6,67,70,970.91,,129.7,215.79,138.2,208.5
2023-06-27T03:30:00-04:00,6,67,70,970.9,,132.5,222.32,141.1,212.8
2023-06-27T03:40:00-04:00,6,67,69,970.82,,135.9,221.96,144.9,218.4
2023-06-27T03:50:00-04:00,6,67,69,970.8,,139.2,219.43,147.9,222.9
2023-06-27T04:00:00-04:00,7,67,69,970.7,,145.9,233.04,155,233.5
2023-06-27T04:10:00-04:00,7,68,69,970.69,,153.2,254.55,163.9,246.9
2023-06-27T04:20:00-04:00,7,70,69,970.8,,170.3,292.12,182,274.1
2023-06-27T04:30:00-04:00,7,70,68,970.89,,186,328.62,199.3,300.1
2023-06-27T04:40:00-04:00,7,71,68,970.88,,199.1,364.19,214.1,322.2
2023-06-27T04:50:00-04:00,7,72,68,970.98,,213,397.12,228.7,344.2
2023-06-27T05:00:00-04:00,8,72,68,971.06,,229.8,442.07,247.1,371.7
2023-06-27T05:10:00-04:00,8,72,67,971.06,,248.6,496.58,268.9,404.5
2023-06-27T05:20:00-04:00,8,73,67,971.23,,257.4,519.69,279.6,420.5
2023-06-27T05:30:00-04:00,8,73,66,971.43,,263.9,521.95,285.9,429.9
2023-06-27T05:40:00-04:00,8,73,66,971.54,,265.5,502.08,285.5,429.4
2023-06-27T05:50:00-04:00,8,72,66,971.64,,264.3,496.31,285.3,429.1
2023-06-27T06:00:00-04:00,10,73,65,971.75,,260.7,483.67,281.1,422.7
2023-06-27T06:10:00-04:00,10,73,65,971.79,,252.7,463.67,273.1,410.8
2023-06-27T06:20:00-04:00,10,74,65,971.88,,246.4,446,265.5,399.4
2023-06-27T06:30:00-04:00,10,74,64,972.03,,234.3,406.4,251.8,378.7
2023-06-27T06:40:00-04:00,10,74,64,972.12,,226.3,386.06,243.1,365.8
2023-06-27T06:50:00-04:00,10,74,64,972.16,,214.4,350.15,230.1,346.2
2023-06-27T07:00:00-04:00,12,74,63,972.2,,202,329.78,217.5,327.3
2023-06-27T07:10:00-04:00,12,74,63,972.3,,193.1,309.21,208.1,313.2
2023-06-27T07:20:00-04:00,12,75,63,972.36,,187.8,300.58,203.4,306.2
2023-06-27T07:30:00-04:00,12,74,63,972.52,,176.2,270.8,189.4,285.2
2023-06-27T07:40:00-04:00,12,74,63,972.61,,163.8,243.46,175.9,265
2023-06-27T07:50:00-04:00,12,74,63,972.72,,147.9,218.55,159.6,240.6
2023-06-27T08:00:00-04:00,11,74,63,972.84,,130.1,183.79,140.4,211.8
2023-06-27T08:10:00-04:00,11,73,62,972.93,,121.7,170.26,131.3,198.1
2023-06-27T08:20:00-04:00,11,73,62,972.99,,113.1,155.32,122.4,184.7
2023-06-27T08:30:00-04:00,11,73,62,973.05,,107.6,154.72,117.2,176.8
2023-06-27T08:40:00-04:00,11,74,62,973.12,,100.9,140.75,109.6,165.4
2023-06-27T08:50:00-04:00,11,74,62,973.28,,93.8,132.96,101.6,153.5
2023-06-27T09:00:00-04:00,9,73,61,973.46,,92.2,134.88,100.1,151.3
2023-06-27T09:10:00-04:00,9,73,61,973.6,,92.5,139.54,100.1,151.2
2023-06-27T09:20:00-04:00,9,73,60,973.65,,88.3,143.51,96.5,145.9
2023-06-27T09:30:00-04:00,9,73,60,973.68,,85.9,139.42,93.6,141.5
2023-06-27T09:40:00-04:00,9,73,61,973.66,,79.8,129.26,86.6,131.1
2023-06-27T09:50:00-04:00,9,73,61,973.76,,73.7,122.53,80.5,121.8
2023-06-27T10:00:00-04:00,6,72,61,973.77,,70,115.69,76.3,115.6
2023-06-27T10:10:00-04:00,6,72,61,973.86,,70.2,117.35,76.5,115.9
2023-06-27T10:20:00-04:00,6,71,61,973.8,,72.9,123.22,79.5,120.4
2023-06-27T10:30:00-04:00,6,71,61,973.92,,75.6,120.45,81.7,123.7
2023-06-27T10:40:00-04:00,6,71,62,974.04,,77.2,123.98,83.4,126.3
2023-06-27T10:50:00-04:00,6,70,62,974.15,,78.5,126.85,85,128.6
2023-06-27T11:00:00-04:00,5,70,62,974.3,,78.8,129.62,85.5,129.3
2023-06-27T11:10:00-04:00,5,70,61,974.38,,82.1,136.46,88.9,134.5
2023-06-27T11:20:00-04:00,5,70,61,974.4,,87,146.37,94.2,142.5
2023-06-27T11:30:00-04:00,5,70,61,974.45,,92.6,161.93,100.5,151.9
2023-06-27T11:40:00-04:00,5,70,61,974.42,,97.8,169.78,106.3,160.7
2023-06-27T11:50:00-04:00,5,71,60,974.52,,101.1,177.48,109.9,166
2023-06-27T12:00:00-04:00,5,71,60,974.52,,103.7,185.15,112.7,170.3
2023-06-27T12:10:00-04:00,5,72,60,974.58,,109.9,205.31,119.7,180.8
2023-06-27T12:20:00-04:00,5,71,60,974.57,,118.4,218.64,128.2,193.5
2023-06-27T12:30:00-04:00,5,71,61,974.57,,124.8,233.58,135.7,204.6
2023-06-27T12:40:00-04:00,5,70,61,974.57,,130.5,247.64,141.7,213.7
2023-06-27T12:50:00-04:00,5,70,61,974.55,,137.7,259.44,149.2,224.8
2023-06-27T13:00:00-04:00,5,69,62,974.51,,146.6,281.59,159.1,239.8
2023-06-27T13:10:00-04:00,5,67,63,974.55,,156.8,303.27,171,257.6
2023-06-27T13:20:00-04:00,5,67,63,974.54,,172.2,334.84,187.5,282.4
2023-06-27T13:30:00-04:00,5,66,64,974.62,,187.3,356.44,203,305.6
2023-06-27T13:40:00-04:00,5,65,64,974.69,,202.4,380.37,218.8,329.2
2023-06-27T13:50:00-04:00,5,64,64,974.74,,216.2,413.47,234.3,352.5
2023-06-27T14:00:00-04:00,7,64,64,974.73,,220.8,408.86,238,358.1
2023-06-27T14:10:00-04:00,7,64,63,974.84,,215.4,394.75,232,349.2
2023-06-27T14:20:00-04:00,7,64,63,974.94,,213.9,388.9,231.2,347.9
2023-06-27T14:30:00-04:00,7,65,63,975.02,,209,387.08,226.6,341.1
2023-06-27T14:40:00-04:00,7,65,63,975.14,,211.5,383.26,228.2,343.3
2023-06-27T14:50:00-04:00,7,65,63,975.2,,209.8,380.5,226.5,341
2023-06-27T15:00:00-04:00,10,65,63,975.26,,214,379.63,229.9,346
2023-06-27T15:10:00-04:00,10,65,63,975.31,,214,384.08,230.9,347.4
2023-06-27T15:20:00-04:00,10,65,63,975.43,,210.5,383.36,227.6,342.4
2023-06-27T15:30:00-04:00,10,65,62,975.62,,199.5,367.75,216.2,325.3
2023-06-27T15:40:00-04:00,10,66,62,975.66,,196.3,366.89,213.1,320.7
2023-06-27T15:50:00-04:00,10,65,62,975.77,,196.3,368.21,213.1,320.8
2023-06-27T16:00:00-04:00,12,65,62,975.92,,191.4,363.18,207.7,312.6
2023-06-27T16:10:00-04:00,12,65,62,975.92,,192.6,365.97,208.5,313.9
2023-06-27T16:20:00-04:00,12,66,62,976,,191.3,368.71,207.3,312.1
2023-06-27T16:30:00-04:00,12,66,61,976.17,,187.8,361.14,203.8,306.8
2023-06-27T16:40:00-04:00,12,66,61,976.19,,182.8,346.93,198.8,299.3
2023-06-27T16:50:00-04:00,12,66,61,976.26,,180.2,346.28,196.9,296.4
2023-06-27T17:00:00-04:00,12,66,62,976.39,,181,335.81,195.8,294.9
2023-06-27T17:10:00-04:00,12,65,62,976.62,,179.7,338.93,195.2,293.9
2023-06-27T17:20:00-04:00,12,66,61,976.78,,171,325.15,186.1,280.3
2023-06-27T17:30:00-04:00,12,65,61,976.94,,164.5,317.96,179.4,270.1
2023-06-27T17:40:00-04:00,12,65,60,977.08,,159.8,314.5,175.1,263.7
2023-06-27T17:50:00-04:00,12,66,60,977.18,,152.1,301.59,166.9,251.4
2023-06-27T18:00:00-04:00,12,66,60,977.17,,152.8,299.38,167,251.7
2023-06-27T18:10:00-04:00,12,66,59,977.18,,147.6,290.95,161.9,244
2023-06-27T18:20:00-04:00,12,66,59,977.31,,127.3,254.85,140.2,211.4
2023-06-27T18:30:00-04:00,12,65,59,977.44,,113,226.53,125,188.7
2023-06-27T18:40:00-04:00,12,65,59,977.58,,111.3,227.52,122.4,184.9
2023-06-27T18:50:00-04:00,12,65,58,977.65,,108.9,226.37,120.5,181.8
2023-06-27T19:00:00-04:00,11,65,58,977.69,,104.4,221.44,115.7,174.7
2023-06-27T19:10:00-04:00,11,64,58,977.8,,99.6,212.18,110.5,166.8
2023-06-27T19:20:00-04:00,11,63,58,977.84,,90.2,185.74,99.6,150.6
2023-06-27T19:30:00-04:00,11,61,59,977.79,,68.8,141.61,75.7,114.8
2023-06-27T19:40:00-04:00,11,60,59,977.81,,48.8,101.57,55.2,81.6
2023-06-27T19:50:00-04:00,11,58,61,977.91,,29,58.74,39.7,48.1
2023-06-27T20:00:00-04:00,,57,62,977.99,,17.9,34.56,28.4,29.2
2023-06-27T20:10:00-04:00,,56,62,978.07,,13.4,23.47,21.1,21.1
2023-06-27T20:20:00-04:00,,56,62,978.11,,11.5,21.67,18.4,18.4
2023-06-27T20:30:00-04:00,,58,61,978.21,,10.6,17.86,16.6,16.6
2023-06-27T20:40:00-04:00,,59,61,978.16,,9.9,14.7,15.2,15.2
2023-06-27T20:50:00-04:00,,61,60,978.13,,9.5,15.98,14.7,14.7
2023-06-27T21:00:00-04:00,,62,60,978.45,,9.3,14.84,14.3,14.3
2023-06-27T21:10:00-04:00,,63,60,978.55,,8.8,13.61,13.7,13.7
2023-06-27T21:20:00-04:00,,64,60,978.65,,8.6,14.12,13.5,13.5
2023-06-27T21:30:00-04:00,,64,59,978.73,,7.9,10.16,11.6,11.6
2023-06-27T21:40:00-04:00,,65,59,978.96,,7.7,10.73,11.4,11.4
2023-06-27T21:50:00-04:00,,65,59,979.23,,7.1,9.12,10.3,10.3
2023-06-27T22:00:00-04:00,3,66,59,979.33,,6.7,8.04,9.4,9.4
2023-06-27T22:10:00-04:00,3,66,59,979.4,,6.3,7.81,8.9,8.9
2023-06-27T22:20:00-04:00,3,65,59,979.59,,5.4,6.05,7.4,7.4
2023-06-27T22:30:00-04:00,3,65,59,979.45,,5.1,6.09,6.9,6.9
2023-06-27T22:40:00-04:00,3,64,59,979.51,,5,5.3,6.7,6.7
2023-06-27T22:50:00-04:00,3,64,59,979.54,,4.6,4.83,6.1,6.1
2023-06-27T23:00:00-04:00,2,64,59,979.53,,4.3,4.12,5.4,5.4
2023-06-27T23:10:00-04:00,2,64,59,979.61,,4.2,3.47,5.2,5.2
2023-06-27T23:20:00-04:00,2,64,59,979.69,,3.9,4.02,4.9,4.9
2023-06-27T23:30:00-04:00,2,64,59,979.74,,3.8,4.39,4.8,4.8
2023-06-27T23:40:00-04:00,2,64,58,979.85,,3.9,3.87,4.7,4.7
2023-06-27T23:50:00-04:00,2,64,58,979.95,,3.8,2.88,4.3,4.3
2023-06-28T00:00:00-04:00,1,64,58,979.87,,3.5,3.61,4.4,4.4
2023-06-28T00:10:00-04:00,1,64,58,979.81,,3.4,3.2,4,4
2023-06-28T00:20:00-04:00,1,65,58,979.75,,3.3,3.82,3.9,3.9
2023-06-28T00:30:00-04:00,1,65,58,979.78,,3.5,3.64,4.2,4.2
2023-06-28T00:40:00-04:00,1,65,57,979.87,,3.2,3.09,3.7,3.7
2023-06-28T00:50:00-04:00,1,65,57,979.92,,3.2,3.06,3.8,3.8
2023-06-28T01:00:00-04:00,1,65,57,979.96,,3,2.1,3.3,3.3
2023-06-28T01:10:00-04:00,1,65,57,979.89,,3,2.52,3.1,3.1
2023-06-28T01:20:00-04:00,1,65,56,979.8,,2.7,2.45,2.8,2.8
2023-06-28T01:30:00-04:00,1,65,56,979.84,,2.8,2.33,3,3
2023-06-28T01:40:00-04:00,1,65,56,979.95,,2.7,2.26,2.8,2.8
2023-06-28T01:50:00-04:00,1,65,56,980.09,,2.5,2.34,2.4,2.4
2023-06-28T02:00:00-04:00,1,65,56,980.06,,2.6,2.47,2.6,2.6
2023-06-28T02:10:00-04:00,1,65,56,980.14,,2.6,2.06,2.5,2.5
2023-06-28T02:20:00-04:00,1,65,56,980.16,,2.5,2.52,2.6,2.6
2023-06-28T02:30:00-04:00,1,65,56,980.24,,2.6,2.87,2.8,2.8
2023-06-28T02:40:00-04:00,1,65,56,980.23,,2.5,2.45,2.5,2.5
2023-06-28T02:50:00-04:00,1,65,56,980.2,,2.5,1.91,2.3,2.3
2023-06-28T03:00:00-04:00,1,65,56,980.24,,2.3,2.11,2.2,2.2
2023-06-28T03:10:00-04:00,1,65,55,980.27,,2.3,2.02,2.2,2.2
2023-06-28T03:20:00-04:00,1,65,55,980.39,,2.4,2.01,2.2,2.2
2023-06-28T03:30:00-04:00,1,65,55,980.5,,2.4,2.12,2.3,2.3
2023-06-28T03:40:00-04:00,1,65,55,980.58,,2.4,2.04,2.3,2.3
2023-06-28T03:50:00-04:00,1,65,55,980.8,,2.3,1.58,2,2
2023-06-28T04:00:00-04:00,1,65,55,980.72,,2.2,1.96,2,2
2023-06-28T04:10:00-04:00,1,65,55,980.73,,2.4,1.41,2.1,2.1
2023-06-28T04:20:00-04:00,1,65,55,980.83,,2.2,1.74,1.8,1.8
2023-06-28T04:30:00-04:00,1,64,54,980.92,,2,1.92,1.7,1.7
2023-06-28T04:40:00-04:00,1,64,55,980.83,,2.3,1.9,1.9,1.9
2023-06-28T04:50:00-04:00,1,64,54,981.04,,2,2.08,1.6,1.6
2023-06-28T05:00:00-04:00,1,65,54,980.94,,2,1.89,1.7,1.7
2023-06-28T05:10:00-04:00,1,64,54,981.08,,2.1,1.77,1.8,1.8
2023-06-28T05:20:00-04:00,1,64,54,981.17,,2.1,2.37,1.8,1.8
2023-06-28T05:30:00-04:00,1,64,54,981.21,,2,2.13,1.8,1.8
2023-06-28T05:40:00-04:00,1,64,54,981.36,,2,1.75,1.6,1.6
2023-06-28T05:50:00-04:00,1,64,54,981.5,,2.1,1.82,1.8,1.8
2023-06-28T06:00:00-04:00,1,64,54,981.74,,2,1.5,1.8,1.8
2023-06-28T06:10:00-04:00,1,63,54,981.78,,1.9,1.9,1.5,1.5
2023-06-28T06:20:00-04:00,1,64,54,981.89,,2,2.06,1.6,1.6
2023-06-28T06:30:00-04:00,1,63,54,981.96,,2,1.39,1.5,1.5
2023-06-28T06:40:00-04:00,1,63,54,982.2,,1.9,1.55,1.5,1.5
2023-06-28T06:50:00-04:00,1,63,54,982.37,,1.9,1.8,1.4,1.4
2023-06-28T07:00:00-04:00,1,62,54,982.42,,1.9,1.69,1.5,1.5
2023-06-28T07:10:00-04:00,1,61,54,982.41,,1.8,2.31,1.4,1.4
2023-06-28T07:20:00-04:00,1,58,54,982.37,,1.7,1.63,1.2,1.2
2023-06-28T07:30:00-04:00,1,57,55,982.45,,1.6,1.36,1,1
2023-06-28T07:40:00-04:00,1,56,55,982.7,,1.6,1.27,1,1
2023-06-28T07:50:00-04:00,1,55,55,982.96,,1.7,1.25,1.1,1.1
2023-06-28T08:00:00-04:00,1,54,56,983,,1.5,1.43,0.9,0.9
2023-06-28T08:10:00-04:00,1,52,56,983.07,,1.6,1.56,1,1
2023-06-28T08:20:00-04:00,1,51,57,983.07,,1.6,1.21,0.9,0.9
2023-06-28T08:30:00-04:00,1,49,57,982.97,,1.4,1.96,0.8,0.8
2023-06-28T08:40:00-04:00,1,48,58,982.97,,1.4,1.26,0.6,0.6
2023-06-28T08:50:00-04:00,1,46,59,982.93,,1.4,1.08,0.6,0.6
2023-06-28T09:00:00-04:00,1,45,60,983.01,,1.4,1.31,0.7,0.7
2023-06-28T09:10:00-04:00,1,43,60,983.16,,3.2,2.87,3.2,4.1
2023-06-28T09:20:00-04:00,1,42,61,983.24,,1.4,1.18,0.7,0.7
2023-06-28T09:30:00-04:00,1,40,62,983.19,,1.4,1.05,0.4,0.4
2023-06-28T09:40:00-04:00,1,39,63,983.22,,1.3,1.42,0.5,0.5
2023-06-28T09:50:00-04:00,1,37,63,983.21,,1.2,1.53,0.5,0.5
2023-06-28T10:00:00-04:00,1,34,64,983.19,,1.3,1.29,0.4,0.4
2023-06-28T10:10:00-04:00,1,33,66,983.38,,1.3,1.15,0.4,0.4
2023-06-28T10:20:00-04:00,1,32,66,983.4,,1.4,1.27,0.5,0.5
2023-06-28T10:30:00-04:00,1,31,67,983.42,,1.3,1.07,0.4,0.4
2023-06-28T10:40:00-04:00,1,30,68,983.34,,1.4,1.11,0.7,0.7
2023-06-28T10:50:00-04:00,1,29,69,983.39,,1.3,1.18,0.4,0.4
2023-06-28T11:00:00-04:00,2,28,70,983.42,,1.4,1.34,0.6,0.6
2023-06-28T11:10:00-04:00,2,27,70,983.32,,1.4,1.14,0.7,0.7
2023-06-28T11:20:00-04:00,2,27,71,983.29,,1.4,0.96,0.5,0.5
2023-06-28T11:30:00-04:00,2,28,72,983.3,,1.5,1.11,0.7,0.7
2023-06-28T11:40:00-04:00,2,28,72,983.35,,1.5,1.46,0.9,0.9
2023-06-28T11:50:00-04:00,2,27,73,983.3,,1.5,1.6,0.7,0.7
2023-06-28T12:00:00-04:00,2,27,74,983.4,,1.6,1.61,1,1
2023-06-28T12:10:00-04:00,2,26,74,983.45,,1.5,1.07,0.7,0.7
2023-06-28T12:20:00-04:00,2,25,75,983.58,,1.3,1.04,0.4,0.4
2023-06-28T12:30:00-04:00,2,24,75,983.65,,1.3,1.03,0.4,0.4
2023-06-28T12:40:00-04:00,2,23,75,983.68,,1.4,0.76,0.4,0.4
2023-06-28T12:50:00-04:00,2,23,76,983.79,,1.4,0.77,0.5,0.5
2023-06-28T13:00:00-04:00,2,23,77,983.65,,1.4,0.81,0.5,0.5
2023-06-28T13:10:00-04:00,2,23,77,983.58,,1.4,1.21,0.5,0.5
2023-06-28T13:20:00-04:00,2,23,77,983.47,,1.4,1.21,0.6,0.6
2023-06-28T13:30:00-04:00,2,22,78,983.37,,1.3,0.9,0.5,0.5
2023-06-28T13:40:00-04:00,2,23,78,983.39,,1.5,1.14,0.7,0.7
2023-06-28T13:50:00-04:00,2,22,79,983.46,,1.4,1.18,0.6,0.6
2023-06-28T14:00:00-04:00,2,22,80,983.43,,1.4,0.6,0.6,0.6
2023-06-28T14:10:00-04:00,2,21,80,983.41,,1.5,0.93,0.6,0.6
2023-06-28T14:20:00-04:00,2,21,80,983.36,,1.5,1.43,0.6,0.6
2023-06-28T14:30:00-04:00,2,21,81,983.31,,1.5,1.14,0.6,0.6
2023-06-28T14:40:00-04:00,2,20,82,983.2,,1.5,0.72,0.5,0.5
2023-06-28T14:50:00-04:00,2,19,82,983.08,,1.4,1.11,0.6,0.6
2023-06-28T15:00:00-04:00,2,19,82,983.03,,1.4,0.77,0.5,0.5
2023-06-28T15:10:00-04:00,2,18,83,982.93,,1.5,0.92,0.6,0.6
2023-06-28T15:20:00-04:00,2,18,84,982.86,,1.5,1.54,0.8,0.8
2023-06-28T15:30:00-04:00,2,18,84,982.85,,1.4,1.04,0.6,0.6
2023-06-28T15:40:00-04:00,2,17,84,982.75,,1.4,0.91,0.6,0.6
2023-06-28T15:50:00-04:00,2,18,85,982.7,,1.5,0.89,0.7,0.7
2023-06-28T16:00:00-04:00,2,17,86,982.65,,1.7,0.84,0.8,0.8
2023-06-28T16:10:00-04:00,2,16,86,982.52,,1.5,1,0.7,0.7
2023-06-28T16:20:00-04:00,2,16,89,982.35,,1.5,0.77,0.6,0.6
2023-06-28T16:30:00-04:00,2,15,91,982.39,,1.5,1.01,0.7,0.7
2023-06-28T16:40:00-04:00,2,14,93,982.23,,1.5,0.89,0.6,0.6
2023-06-28T16:50:00-04:00,2,13,94,982.25,,1.5,1.14,0.7,0.7
2023-06-28T17:00:00-04:00,2,13,95,982.32,,1.5,1.02,0.7,0.7
2023-06-28T17:10:00-04:00,2,13,96,982.34,,1.5,0.95,0.6,0.6
2023-06-28T17:20:00-04:00,2,12,97,982.31,,1.5,0.98,0.6,0.6
2023-06-28T17:30:00-04:00,2,11,99,982.39,,1.5,1.05,0.6,0.6
2023-06-28T17:40:00-04:00,2,11,100,982.39,,1.6,1.38,0.9,0.9
2023-06-28T17:50:00-04:00,2,12,100,982.43,,1.5,0.33,0.6,0.6
2023-06-28T18:00:00-04:00,3,11,98,982.45,,1.6,0.56,0.9,0.9
2023-06-28T18:10:00-04:00,3,11,99,982.47,,1.5,0.9,0.6,0.6
2023-06-28T18:20:00-04:00,3,11,99,982.38,,1.4,0.68,0.5,0.5
2023-06-28T18:30:00-04:00,3,11,99,982.34,,1.6,0.84,0.8,0.8
2023-06-28T18:40:00-04:00,3,10,100,982.39,,1.7,1.12,1,1
2023-06-28T18:50:00-04:00,3,10,100,982.41,,1.5,0.93,0.7,0.7
2023-06-28T19:00:00-04:00,3,10,100,982.42,,1.6,0.65,0.6,0.6
2023-06-28T19:10:00-04:00,3,11,98,982.48,,1.7,1.06,0.8,0.8
2023-06-28T19:20:00-04:00,3,11,97,982.38,,1.5,0.68,0.7,0.7
2023-06-28T19:30:00-04:00,3,12,97,982.46,,1.5,0.81,0.8,0.8
2023-06-28T19:40:00-04:00,3,13,96,982.44,,1.6,1.36,0.8,0.8
2023-06-28T19:50:00-04:00,3,13,97,982.47,,1.6,1.04,0.8,0.8
2023-06-28T20:00:00-04:00,3,13,96,982.6,,1.6,0.87,0.8,0.8
2023-06-28T20:10:00-04:00,3,15,92,982.7,,2,1.39,1.6,1.6
2023-06-28T20:20:00-04:00,3,17,87,982.86,,2.1,1.06,1.7,1.7
2023-06-28T20:30:00-04:00,3,20,84,982.9,,2,1.38,1.5,1.5
2023-06-28T20:40:00-04:00,3,22,81,982.81,,1.9,1.46,1.4,1.4
2023-06-28T20:50:00-04:00,3,24,79,982.85,,2,1.66,1.5,1.5
2023-06-28T21:00:00-04:00,3,26,76,982.75,,2.2,2.33,1.9,1.9
2023-06-28T21:10:00-04:00,3,29,75,983.02,,2.2,2.31,1.8,1.8
2023-06-28T21:20:00-04:00,3,32,73,983.05,,2.6,3.72,2.7,2.7
2023-06-28T21:30:00-04:00,3,35,72,983.22,,2.9,3.99,3.2,3.2
2023-06-28T21:40:00-04:00,3,38,70,983.35,,5.3,5.95,7.2,7.2
2023-06-28T21:50:00-04:00,3,42,69,983.5,,6.2,7.34,8.8,8.8
2023-06-28T22:00:00-04:00,3,44,68,983.67,,6.9,7.18,10.2,10.2
2023-06-28T22:10:00-04:00,3,45,68,983.77,,6.7,7.15,10.2,10.2
2023-06-28T22:20:00-04:00,3,47,67,983.85,,3.7,3.28,4.2,4.2
2023-06-28T22:30:00-04:00,3,49,66,983.88,,3.3,2.82,3.6,3.6
2023-06-28T22:40:00-04:00,3,51,66,983.89,,3.2,3.73,3.8,3.8
2023-06-28T22:50:00-04:00,3,52,65,983.97,,7.2,4.32,10.6,10.6
2023-06-28T23:00:00-04:00,2,53,64,984.07,,11.8,8.83,18.7,18.7
2023-06-28T23:10:00-04:00,2,53,64,984.08,,6,4.63,8.6,8.6
2023-06-28T23:20:00-04:00,2,54,63,984.05,,5.1,4.86,7.1,7.1
2023-06-28T23:30:00-04:00,2,56,63,984.12,,4.9,3.91,6.6,6.6
2023-06-28T23:40:00-04:00,2,56,63,984.24,,4.3,3.63,5.6,5.6
2023-06-28T23:50:00-04:00,2,58,62,984.25,,5.1,4.91,7.1,7.1
2023-06-29T00:00:00-04:00,2,59,62,984.35,,5.4,5.46,7.4,7.4
2023-06-29T00:10:00-04:00,2,60,62,984.37,,4.2,4.63,5.5,5.5
2023-06-29T00:20:00-04:00,2,60,61,984.38,,3.5,2.97,4.1,4.1
2023-06-29T00:30:00-04:00,2,61,61,984.29,,3.1,2.79,3.4,3.4
2023-06-29T00:40:00-04:00,2,62,60,984.22,,3.1,2.28,3.3,3.3
2023-06-29T00:50:00-04:00,2,62,60,984.19,,3.1,3.89,3.6,3.6
2023-06-29T01:00:00-04:00,2,62,60,984.17,,2.7,2.2,2.6,2.6
2023-06-29T01:10:00-04:00,2,62,59,984.26,,2.6,2.14,2.7,2.7
2023-06-29T01:20:00-04:00,2,63,59,984.32,,2.5,1.89,2.3,2.3
2023-06-29T01:30:00-04:00,2,61,59,984.37,,2.5,2.46,2.3,2.3
2023-06-29T01:40:00-04:00,2,60,58,984.37,,2.4,2.29,2.3,2.3
2023-06-29T01:50:00-04:00,2,61,58,984.41,,2.5,2.15,2.6,2.6
2023-06-29T02:00:00-04:00,2,61,58,984.32,,2.7,2.08,2.9,2.9
2023-06-29T02:10:00-04:00,2,62,57,984.34,,2.8,2.8,3,3
2023-06-29T02:20:00-04:00,2,62,57,984.4,,2.4,2.21,2.4,2.4
2023-06-29T02:30:00-04:00,2,62,57,984.45,,2.6,2.51,2.6,2.6
2023-06-29T02:40:00-04:00,2,62,57,984.41,,2.6,2.46,2.6,2.6
2023-06-29T02:50:00-04:00,2,62,57,984.5,,2.6,3.09,2.8,2.8
2023-06-29T03:00:00-04:00,2,63,56,984.45,,2.6,2.3,2.7,2.7
2023-06-29T03:10:00-04:00,2,63,56,984.49,,2.6,2.32,2.6,2.6
2023-06-29T03:20:00-04:00,2,63,56,984.49,,2.8,2.36,3,3
2023-06-29T03:30:00-04:00,2,64,56,984.51,,2.5,2.21,2.6,2.6
2023-06-29T03:40:00-04:00,2,64,56,984.57,,2.6,2.59,2.7,2.7
2023-06-29T03:50:00-04:00,2,64,56,984.64,,2.6,2.2,2.7,2.7
2023-06-29T04:00:00-04:00,2,64,56,984.66,,2.7,2.45,2.8,2.8
2023-06-29T04:10:00-04:00,2,64,55,984.74,,2.6,2.68,2.8,2.8
2023-06-29T04:20:00-04:00,2,65,55,984.75,,2.8,2.45,2.9,2.9
2023-06-29T04:30:00-04:00,2,65,55,984.85,,2.9,2.54,3.2,3.2
2023-06-29T04:40:00-04:00,2,65,55,984.89,,2.8,2.25,2.9,2.9
2023-06-29T04:50:00-04:00,2,65,55,984.93,,2.7,2.1,2.9,2.9
2023-06-29T05:00:00-04:00,2,65,55,984.92,,2.9,2.52,3,3
2023-06-29T05:10:00-04:00,2,65,55,985.01,,2.8,2.63,3.1,3.1
2023-06-29T05:20:00-04:00,2,65,55,985.04,,2.9,2.17,3.2,3.2
2023-06-29T05:30:00-04:00,2,65,54,984.99,,2.8,2.82,3.2,3.2
2023-06-29T05:40:00-04:00,2,66,54,985,,3.4,3.46,4,4
2023-06-29T05:50:00-04:00,2,66,54,985.16,,3.2,2.89,3.7,3.7
2023-06-29T06:00:00-04:00,2,66,54,985.3,,3.2,3.31,3.8,3.8
2023-06-29T06:10:00-04:00,2,66,54,985.29,,3.1,3.18,3.4,3.4
2023-06-29T06:20:00-04:00,2,66,55,985.32,,3.1,3.22,3.7,3.7
2023-06-29T06:30:00-04:00,2,67,55,985.28,,3.1,2.67,3.5,3.5
2023-06-29T06:40:00-04:00,2,66,56,985.33,,3,2.77,3.6,3.6
2023-06-29T06:50:00-04:00,2,67,56,985.36,,3.2,3.51,3.8,3.8
2023-06-29T07:00:00-04:00,1,67,57,985.4,,3.3,2.63,3.6,3.6
2023-06-29T07:10:00-04:00,1,66,59,985.29,,3.5,3.63,4.1,4.1
2023-06-29T07:20:00-04:00,1,64,60,985.36,,3.8,3.22,4.6,4.6
2023-06-29T07:30:00-04:00,1,63,62,985.51,,4.6,4.26,6,6
2023-06-29T07:40:00-04:00,1,62,63,985.6,,4.8,4.84,6.6,6.6
2023-06-29T07:50:00-04:00,1,61,64,985.5,,4.4,4.13,5.8,5.8
2023-06-29T08:00:00-04:00,1,59,65,985.56,,4.6,5.23,6.2,6.2
2023-06-29T08:10:00-04:00,1,57,66,985.59,,5.1,5.24,7.1,7.1
2023-06-29T08:20:00-04:00,1,55,67,985.61,,7.3,5.22,11.1,11.1
2023-06-29T08:30:00-04:00,1,54,68,985.55,,5.4,5.15,7.9,7.9
2023-06-29T08:40:00-04:00,1,51,69,985.59,,6.7,5.31,9.9,9.9
2023-06-29T08:50:00-04:00,1,50,70,985.67,,7.9,6.5,12.3,12.3
2023-06-29T09:00:00-04:00,2,51,71,985.6,,7.8,6.35,11.9,11.9
2023-06-29T09:10:00-04:00,2,49,72,985.63,,5.9,4.1,8.1,8.1
2023-06-29T09:20:00-04:00,2,47,73,985.68,,5.7,4.96,7.8,7.8
2023-06-29T09:30:00-04:00,2,46,74,985.71,,5.5,4.4,7.5,7.5
2023-06-29T09:40:00-04:00,2,44,75,985.86,,6.4,4.88,8.8,8.8
2023-06-29T09:50:00-04:00,2,44,75,985.88,,6.9,6.08,9.8,9.8
2023-06-29T10:00:00-04:00,2,43,75,985.86,,8.7,8.27,13.1,13.1
2023-06-29T10:10:00-04:00,2,43,76,985.81,,10.8,11.01,16.8,16.8
2023-06-29T10:20:00-04:00,2,43,76,985.76,,12.1,9.57,18.2,18.2
2023-06-29T10:30:00-04:00,2,44,76,985.8,,10.8,9.92,16.6,16.6
2023-06-29T10:40:00-04:00,2,45,76,985.79,,9.5,7.83,14.3,14.3
2023-06-29T10:50:00-04:00,2,45,76,985.87,,11.2,11.91,17.4,17.4
2023-06-29T11:00:00-04:00,2,44,77,985.78,,14.2,16.23,22.4,22.4
2023-06-29T11:10:00-04:00,2,42,78,985.75,,13.9,17.34,22.1,22.1
2023-06-29T11:20:00-04:00,2,42,79,985.68,,11.6,11.52,17.7,17.7
2023-06-29T11:30:00-04:00,2,40,79,985.62,,9.5,7.65,14,14
2023-06-29T11:40:00-04:00,2,38,79,985.57,,8.2,6.85,12,12
2023-06-29T11:50:00-04:00,2,37,79,985.49,,7.6,5.31,10.7,10.7
2023-06-29T12:00:00-04:00,2,37,79,985.46,,7.1,5.81,10.1,10.1
2023-06-29T12:10:00-04:00,2,36,80,985.36,,7,4.95,9.7,9.7
2023-06-29T12:20:00-04:00,2,34,81,985.21,,6.4,4.8,8.7,8.7
2023-06-29T12:30:00-04:00,2,33,81,985.23,,6,4.44,8.1,8.1
2023-06-29T12:40:00-04:00,2,32,82,985.09,,5.2,4.25,7,7
2023-06-29T12:50:00-04:00,2,31,83,984.97,,5,3.85,6.5,6.5
2023-06-29T13:00:00-04:00,2,31,84,984.9,,4.6,3.41,5.7,5.7
2023-06-29T13:10:00-04:00,2,30,85,984.85,,4.6,3.43,5.8,5.8
2023-06-29T13:20:00-04:00,2,28,86,984.72,,4.5,3.23,5.6,5.6
2023-06-29T13:30:00-04:00,2,28,86,984.62,,4.5,3.14,5.6,5.6
2023-06-29T13:40:00-04:00,2,27,86,984.38,,4.3,3.58,5.2,5.2
2023-06-29T13:50:00-04:00,2,26,88,984.25,,3.9,2.84,4.6,4.6
2023-06-29T14:00:00-04:00,2,24,86,984.22,,4,2.8,5,5
2023-06-29T14:10:00-04:00,2,24,87,984.27,,4.4,2.84,5.4,5.5
2023-06-29T14:20:00-04:00,2,24,87,984.16,,5.6,5.65,8,8.1
2023-06-29T14:30:00-04:00,2,23,87,984.07,,4.3,3.65,5.5,5.5
2023-06-29T14:40:00-04:00,2,25,87,983.96,,4.3,2.5,5.2,5.2
2023-06-29T14:50:00-04:00,2,25,89,983.87,,4.4,3.38,5.6,5.6
2023-06-29T15:00:00-04:00,2,23,89,983.79,,4.4,3.22,5.5,5.5
2023-06-29T15:10:00-04:00,2,23,89,983.65,,4.1,2.93,5,5
2023-06-29T15:20:00-04:00,2,22,90,983.47,,4.1,2.91,5.2,5.2
2023-06-29T15:30:00-04:00,2,21,91,983.49,,4.2,2.78,5.1,5.1
2023-06-29T15:40:00-04:00,2,19,90,983.45,,3.5,2.13,4,4
2023-06-29T15:50:00-04:00,2,20,92,983.46,,3.4,2.87,3.8,3.8
2023-06-29T16:00:00-04:00,2,19,93,983.55,,3.4,2.15,3.6,3.6
2023-06-29T16:10:00-04:00,2,18,93,983.51,,3.2,1.96,3.5,3.5
2023-06-29T16:20:00-04:00,2,18,95,983.57,,3.2,1.63,3.1,3.1
2023-06-29T16:30:00-04:00,2,17,95,983.53,,3.1,1.76,3.2,3.2
2023-06-29T16:40:00-04:00,2,16,96,983.49,,3.1,1.92,3.1,3.1
2023-06-29T16:50:00-04:00,2,16,96,983.49,,3,2.13,2.9,2.9
2023-06-29T17:00:00-04:00,2,17,96,983.49,,3,2.03,3,3
2023-06-29T17:10:00-04:00,2,17,95,983.4,,2.8,2.3,3,3
2023-06-29T17:20:00-04:00,2,17,96,983.34,,2.7,1.97,2.6,2.6
2023-06-29T17:30:00-04:00,2,15,97,983.22,,2.6,1.35,2.4,2.4
2023-06-29T17:40:00-04:00,2,15,100,983.11,,2.7,1.62,2.5,2.5
2023-06-29T17:50:00-04:00,2,14,102,983.08,,2.6,1.4,2.5,2.5
2023-06-29T18:00:00-04:00,2,13,100,983.04,,3,1.84,3,3
2023-06-29T18:10:00-04:00,2,14,99,982.87,,3.3,2.04,3.5,3.5
2023-06-29T18:20:00-04:00,2,14,100,982.81,,3.1,1.95,3.1,3.1
2023-06-29T18:30:00-04:00,2,17,96,982.72,,3.2,1.66,3.3,3.3
2023-06-29T18:40:00-04:00,2,19,91,982.79,,3.4,1.51,3.7,3.7
2023-06-29T18:50:00-04:00,2,22,87,982.8,,3.7,1.89,4.3,4.3
2023-06-29T19:00:00-04:00,2,23,86,982.78,,3.7,2.25,4.4,4.4
2023-06-29T19:10:00-04:00,2,24,84,982.95,,3.8,2.25,4.4,4.4
2023-06-29T19:20:00-04:00,2,26,82,983.13,,4.5,4,5.8,5.8
2023-06-29T19:30:00-04:00,2,27,80,983.2,,5.3,4.4,6.9,6.9
2023-06-29T19:40:00-04:00,2,29,80,983.04,,5.1,4.4,6.6,6.6
2023-06-29T19:50:00-04:00,2,29,79,983.06,,6.3,7.52,8.8,8.8
2023-06-29T20:00:00-04:00,2,29,79,983.04,,9.1,11.31,13.4,13.4
2023-06-29T20:10:00-04:00,2,30,78,983.24,,16.6,27.69,25.7,26.4
2023-06-29T20:20:00-04:00,2,30,78,983.35,,25.9,45.15,36.6,41.5
2023-06-29T20:30:00-04:00,2,32,77,983.31,,30.4,49.11,40.4,48.7
2023-06-29T20:40:00-04:00,2,34,77,983.11,,33,53.81,42.3,52.6
2023-06-29T20:50:00-04:00,2,34,77,983.05,,31.8,49.84,41.3,50.5
2023-06-29T21:00:00-04:00,3,33,77,983.04,,33.7,53.94,42.9,54
2023-06-29T21:10:00-04:00,3,34,76,983.06,,36.9,60.92,45.2,59.3
2023-06-29T21:20:00-04:00,3,34,76,983.05,,39.3,66.75,46.9,63.7
2023-06-29T21:30:00-04:00,3,34,76,983.16,,43.5,72.67,49.4,70.2
2023-06-29T21:40:00-04:00,3,35,75,983.12,,46.2,74.24,51,74.3
2023-06-29T21:50:00-04:00,3,35,75,983.09,,48,76.22,52.2,77.2
2023-06-29T22:00:00-04:00,3,36,74,983.11,,48.2,80.97,52.8,78.4
2023-06-29T22:10:00-04:00,3,36,74,983.07,,48.7,81.96,52.6,78.4
2023-06-29T22:20:00-04:00,3,37,74,983.05,,48.5,79.04,52.5,77.7
2023-06-29T22:30:00-04:00,3,37,74,983.01,,47.7,78.29,52,76.7
2023-06-29T22:40:00-04:00,3,37,73,983.02,,46.8,78.76,51.6,75.7
2023-06-29T22:50:00-04:00,3,37,73,982.8,,45.1,75.06,50.4,72.9
2023-06-29T23:00:00-04:00,4,37,73,982.9,,43.8,71.92,49.6,70.7
2023-06-29T23:10:00-04:00,4,37,73,982.74,,43,70.25,48.9,68.7
2023-06-29T23:20:00-04:00,4,37,73,982.68,,40.7,68.43,47.8,65.9
2023-06-29T23:30:00-04:00,4,37,73,982.77,,39.4,66.99,47.1,64
2023-06-29T23:40:00-04:00,4,38,73,982.74,,38.7,67.49,46.6,62.8
2023-06-29T23:50:00-04:00,4,38,73,982.6,,37.8,66.79,45.9,61.3
2023-06-30T00:00:00-04:00,4,38,73,982.64,,35,61.4,44.1,56.7
2023-06-30T00:10:00-04:00,4,38,72,982.54,,33.2,59.16,43,54
2023-06-30T00:20:00-04:00,4,38,72,982.57,,30.2,54.18,41,49.6
2023-06-30T00:30:00-04:00,4,38,72,982.61,,28.9,49.79,39.4,46.6
2023-06-30T00:40:00-04:00,4,38,72,982.58,,28.9,46.85,39.2,46
2023-06-30T00:50:00-04:00,4,39,72,982.63,,27.2,48.44,38,44
2023-06-30T01:00:00-04:00,4,39,72,982.71,,25.9,45.59,36.9,42.2
2023-06-30T01:10:00-04:00,4,39,72,982.57,,25.8,43.65,36.3,41.1
2023-06-30T01:20:00-04:00,4,40,72,982.44,,24.5,44.34,35.6,39.9
2023-06-30T01:30:00-04:00,4,40,72,982.23,,25,44.2,36,40.6
2023-06-30T01:40:00-04:00,4,42,72,982.22,,28.7,49.94,39.1,46.1
2023-06-30T01:50:00-04:00,4,43,72,982.3,,31.3,53.21,41.4,50.6
2023-06-30T02:00:00-04:00,4,44,71,982.28,,30.9,51.49,40.9,49.5
2023-06-30T02:10:00-04:00,4,44,72,982.27,,29.5,52.08,40,47.8
2023-06-30T02:20:00-04:00,4,45,71,982.1,,29.5,51.16,39.8,47.4
2023-06-30T02:30:00-04:00,4,48,71,982.05,,30.5,51.71,40.7,49.1
2023-06-30T02:40:00-04:00,4,54,70,982.11,,31.4,56.93,41.4,50.6
2023-06-30T02:50:00-04:00,4,54,69,982.1,,34,58.76,43.3,54.7
2023-06-30T03:00:00-04:00,4,55,69,982.21,,35.1,62.13,44.3,57
2023-06-30T03:10:00-04:00,4,56,68,982.27,,34.9,62.33,44.1,56.5
2023-06-30T03:20:00-04:00,4,57,68,982.2,,34.7,59.56,43.6,55.6
2023-06-30T03:30:00-04:00,4,57,68,982.19,,34.6,62.87,43.9,56
2023-06-30T03:40:00-04:00,4,57,67,982.18,,34.2,60.01,43.5,55.3
2023-06-30T03:50:00-04:00,4,58,67,982.25,,33.8,60.2,43.4,55
2023-06-30T04:00:00-04:00,3,59,67,982.19,,33.4,60.5,43.3,54.6
2023-06-30T04:10:00-04:00,3,60,67,982.09,,34.5,60.42,43.7,55.8
2023-06-30T04:20:00-04:00,3,60,66,981.95,,35.1,62.26,44.2,56.9
2023-06-30T04:30:00-04:00,3,62,66,981.78,,34.6,62.41,44.1,56.4
2023-06-30T04:40:00-04:00,3,61,66,981.67,,34.1,61.87,43.6,55.4
2023-06-30T04:50:00-04:00,3,59,66,981.66,,32.7,60.05,42.7,53.5
2023-06-30T05:00:00-04:00,3,57,66,981.57,,32.9,57.04,42.7,53.3
2023-06-30T05:10:00-04:00,3,57,66,981.42,,32.7,60.09,42.7,53.3
2023-06-30T05:20:00-04:00,3,57,66,981.43,,34,61.63,43.3,54.8
2023-06-30T05:30:00-04:00,3,58,66,981.39,,35.5,62.51,44.5,57.4
2023-06-30T05:40:00-04:00,3,59,66,981.61,,36.3,64.4,44.9,58.7
2023-06-30T05:50:00-04:00,3,59,66,981.97,,36.6,66.37,45.5,60
2023-06-30T06:00:00-04:00,3,59,67,982.09,,36.7,63.24,45.3,59.5
2023-06-30T06:10:00-04:00,3,61,67,982.44,,36.3,65.85,45.2,59.3
2023-06-30T06:20:00-04:00,3,61,67,982.43,,34.2,60.07,43.6,55.3
2023-06-30T06:30:00-04:00,3,62,67,982.64,,31.7,54.25,41.7,51.4
2023-06-30T06:40:00-04:00,3,62,67,982.63,,30,51.1,40.6,48.9
2023-06-30T06:50:00-04:00,3,63,67,982.65,,29.6,50.96,40.1,47.9
2023-06-30T07:00:00-04:00,4,65,67,982.47,,30,56.34,40.4,48.5
2023-06-30T07:10:00-04:00,4,67,67,982.48,,29.4,52.36,39.9,47.6
2023-06-30T07:20:00-04:00,4,67,67,982.49,,28.9,48.76,39.2,46.3
2023-06-30T07:30:00-04:00,4,68,67,982.64,,25.6,41,36,40.6
2023-06-30T07:40:00-04:00,4,68,67,982.63,,24.2,39.88,34.7,38.4
2023-06-30T07:50:00-04:00,4,67,68,982.68,,24,40.83,34.7,38.2
2023-06-30T08:00:00-04:00,4,67,68,982.67,,25.5,46.99,36.5,41.4
2023-06-30T08:10:00-04:00,4,67,68,982.63,,26.9,47.12,37.5,43.2
2023-06-30T08:20:00-04:00,4,67,69,982.64,,30.9,56.05,41.1,50.1
2023-06-30T08:30:00-04:00,4,67,69,982.63,,34.4,62.37,43.6,55.3
2023-06-30T08:40:00-04:00,4,66,69,982.6,,37.1,63.51,45.2,59.4
2023-06-30T08:50:00-04:00,4,66,70,982.57,,37.6,65.48,45.6,60.6
2023-06-30T09:00:00-04:00,4,65,71,982.68,,37.7,65.74,45.7,60.6
2023-06-30T09:10:00-04:00,4,64,71,982.79,,39.2,66.06,46.5,62.5
2023-06-30T09:20:00-04:00,4,65,70,982.71,,39.9,69.07,47.2,64.2
2023-06-30T09:30:00-04:00,4,65,71,982.75,,41.4,69.95,47.8,66
2023-06-30T09:40:00-04:00,4,64,71,982.73,,42.6,72.4,48.9,68.8
2023-06-30T09:50:00-04:00,4,63,72,982.69,,43.6,72.45,49.2,69.5
2023-06-30T10:00:00-04:00,4,62,73,982.64,,45.7,76.63,50.5,73
2023-06-30T10:10:00-04:00,4,61,74,982.49,,47.6,78.8,51.7,76
2023-06-30T10:20:00-04:00,4,60,75,982.42,,48.5,80.27,52.2,77.3
2023-06-30T10:30:00-04:00,4,59,76,982.4,,48.4,79.37,52.3,77.4
2023-06-30T10:40:00-04:00,4,59,75,982.39,,50.4,81.28,53.4,80.1
2023-06-30T10:50:00-04:00,4,58,77,982.22,,50.1,82.87,53.4,80.2
2023-06-30T11:00:00-04:00,5,56,78,982.2,,50.6,82.47,53.9,81
2023-06-30T11:10:00-04:00,5,54,80,982.13,,53.5,85.3,56.1,85.1
2023-06-30T11:20:00-04:00,5,52,81,982.06,,54.1,84.84,56.5,85.9
2023-06-30T11:30:00-04:00,5,51,81,981.95,,56.9,85.89,59.1,89.8
2023-06-30T11:40:00-04:00,5,50,81,981.85,,58.5,86.05,60.8,92.4
2023-06-30T11:50:00-04:00,5,49,83,981.72,,58,89.71,60.5,91.8
2023-06-30T12:00:00-04:00,6,48,83,981.71,,59.2,86.92,61.3,93
2023-06-30T12:10:00-04:00,6,47,83,981.65,,60.5,89.7,62.9,95.5
2023-06-30T12:20:00-04:00,6,47,84,981.41,,60.3,90.44,62.8,95.4
2023-06-30T12:30:00-04:00,6,46,85,981.42,,61,87.38,63,95.6
2023-06-30T12:40:00-04:00,6,46,83,981.47,,61.8,91.18,64,97.1
2023-06-30T12:50:00-04:00,6,45,84,981.4,,61.8,89.18,64.3,97.5
2023-06-30T13:00:00-04:00,,46,83,981.43,,62.8,91.03,65.3,99.1
2023-06-30T13:10:00-04:00,,46,84,981.35,,63.3,90.35,65.5,99.3
2023-06-30T13:20:00-04:00,,45,85,981.16,,63.1,90.33,65.2,98.9
2023-06-30T13:30:00-04:00,,44,85,981.13,,61.4,88.35,63.5,96.4
2023-06-30T13:40:00-04:00,,44,86,981.16,,61.3,87.1,63.7,96.6
2023-06-30T13:50:00-04:00,,44,85,981.17,,60.1,85.94,62.2,94.4
2023-06-30T14:00:00-04:00,,45,85,981.11,,65,103.76,68.1,103.3
2023-06-30T14:10:00-04:00,,44,86,981,,59.5,90.33,62.1,94.4
2023-06-30T14:20:00-04:00,,43,86,981,,68.6,99.2,72.2,109.5
2023-06-30T14:30:00-04:00,,43,85,981.05,,90.2,130.48,96.7,146.2
2023-06-30T14:40:00-04:00,,43,85,980.94,,97.6,143.57,104,157.1
2023-06-30T14:50:00-04:00,,43,84,980.92,,53.9,79.54,56.6,85.8
2023-06-30T15:00:00-04:00,,42,85,980.82,,56,81.18,58.4,88.7
2023-06-30T15:10:00-04:00,,40,87,980.71,,57.8,80.32,59.9,91
2023-06-30T15:20:00-04:00,,38,89,980.73,,59.2,78.63,61.2,92.9
2023-06-30T15:30:00-04:00,,37,90,980.62,,58.9,78.63,61,92.7
2023-06-30T15:40:00-04:00,,36,91,980.56,,58.3,78.11,60.1,91.2
2023-06-30T15:50:00-04:00,,36,91,980.53,,58.5,73.83,59.9,91
2023-06-30T16:00:00-04:00,,35,93,980.47,,58.7,77.32,60.8,92.3
2023-06-30T16:10:00-04:00,,36,91,980.38,,58.7,73.34,60.2,91.5
2023-06-30T16:20:00-04:00,,36,93,980.24,,58.9,73.88,60.6,91.9
2023-06-30T16:30:00-04:00,,34,95,980.3,,59,73.07,60.5,91.9
2023-06-30T16:40:00-04:00,,32,96,980.37,,59.1,71.58,60.5,91.7
2023-06-30T16:50:00-04:00,,32,94,980.46,,59.5,75.28,61.2,92.8
2023-06-30T17:00:00-04:00,,34,92,980.53,,61.5,78.01,63.2,96
2023-06-30T17:10:00-04:00,,33,95,980.39,,62.1,78.24,63.6,96.5
2023-06-30T17:20:00-04:00,,31,96,980.33,,61.2,76.82,62.6,95.1
2023-06-30T17:30:00-04:00,,30,97,980.26,,60.4,73.98,62.1,94.3
2023-06-30T17:40:00-04:00,,30,97,980.04,,60.1,71.69,61.5,93.4
2023-06-30T17:50:00-04:00,,31,97,979.84,,59.9,72.37,61.7,93.6
2023-06-30T18:00:00-04:00,,30,97,979.78,,59.7,70.42,60.8,92.3
2023-06-30T18:10:00-04:00,,31,96,979.85,,58.3,68.35,59.5,90.4
2023-06-30T18:20:00-04:00,,35,91,979.83,,59.1,69.65,60.3,91.5
2023-06-30T18:30:00-04:00,,38,89,979.78,,58.4,74.65,60,91.1
2023-06-30T18:40:00-04:00,,40,88,979.73,,57.6,71.33,59.2,89.8
2023-06-30T18:50:00-04:00,,41,86,979.79,,56.9,71.95,58.4,88.7
2023-06-30T19:00:00-04:00,,43,85,979.82,,56.3,72.79,57.8,87.9
2023-06-30T19:10:00-04:00,,44,84,979.92,,56.2,76.64,58.1,88.2
2023-06-30T19:20:00-04:00,,45,83,980.09,,56.2,76.87,58,88.1
2023-06-30T19:30:00-04:00,,46,83,979.95,,56.6,76.76,58.6,89.1
2023-06-30T19:40:00-04:00,,45,84,980.04,,56.8,78.46,59,89.5
2023-06-30T19:50:00-04:00,,45,84,979.89,,56.2,78.89,58.1,88.3
2023-06-30T20:00:00-04:00,,44,85,979.94,,55.5,78.1,57.5,87.4
2023-06-30T20:10:00-04:00,,45,84,980,,55.8,76.66,58.1,88.1
2023-06-30T20:20:00-04:00,,47,82,980.01,,55.9,76.16,57.8,87.7
2023-06-30T20:30:00-04:00,,48,81,979.94,,56,77.43,58,88.1
2023-06-30T20:40:00-04:00,,50,81,979.95,,56.9,78.36,58.9,89.4
2023-06-30T20:50:00-04:00,,51,80,980.02,,57.5,82.4,59.9,90.9
2023-06-30T21:00:00-04:00,,52,79,980,,58.4,79.36,60,91.2
2023-06-30T21:10:00-04:00,,53,79,979.96,,58.4,83.02,60.8,92.3
2023-06-30T21:20:00-04:00,,54,78,980.07,,59.1,84.47,61.4,93.2
2023-06-30T21:30:00-04:00,,55,77,980.15,,59.2,86.31,61.4,93.3
2023-06-30T21:40:00-04:00,,56,77,980.21,,59.8,87.67,62.1,94.2
2023-06-30T21:50:00-04:00,,57,76,980.32,,60.3,89.81,62.9,95.5
2023-06-30T22:00:00-04:00,,58,76,980.38,,60.9,90.6,63.6,96.5
2023-06-30T22:10:00-04:00,,58,76,980.39,,61.5,89.06,63.9,96.9
2023-06-30T22:20:00-04:00,,59,75,980.32,,62.4,91.61,65,98.6
2023-06-30T22:30:00-04:00,,59,75,980.25,,62.9,95.67,65.9,99.9
2023-06-30T22:40:00-04:00,,59,75,980.2,,64,94.84,66.3,100.5
2023-06-30T22:50:00-04:00,,59,75,980.16,,64.8,94.36,67.3,102.1
2023-06-30T23:00:00-04:00,,60,74,980.06,,64.8,95.22,67.2,101.9
2023-06-30T23:10:00-04:00,,61,73,980.02,,64.8,95.61,67.3,102
2023-06-30T23:20:00-04:00,,61,73,979.97,,65.2,95.82,67.5,102.4
2023-06-30T23:30:00-04:00,,63,73,979.87,,65.8,97.89,68.2,103.4
2023-06-30T23:40:00-04:00,,63,73,979.86,,65.9,101.32,68.8,104.3
2023-06-30T23:50:00-04:00,,63,73,979.83,,66.1,99.99,69.1,104.8
2023-07-01T00:00:00-04:00,,63,73,979.93,,66.3,100.25,69.2,104.9
2023-07-01T00:10:00-04:00,,62,73,979.93,,65.6,100.28,68.4,103.7
2023-07-01T00:20:00-04:00,,63,73,979.96,,66.2,101.93,68.5,104
2023-07-01T00:30:00-04:00,,63,72,980.04,,65.7,103.72,68.8,104.4
2023-07-01T00:40:00-04:00,,64,72,980.01,,65.1,99.92,68.2,103.4
2023-07-01T00:50:00-04:00,,64,72,979.98,,64.9,102.37,68,103.3
2023-07-01T01:00:00-04:00,,65,72,980.01,,65.2,98.76,67.7,102.7
2023-07-01T01:10:00-04:00,,65,72,979.99,,65.3,103.39,68.4,103.8
2023-07-01T01:20:00-04:00,,66,71,979.99,,66,100.38,68.8,104.3
2023-07-01T01:30:00-04:00,,67,71,979.98,,65.1,97.54,67.8,102.8
2023-07-01T01:40:00-04:00,,67,71,980,,65.9,99.85,68.5,103.8
2023-07-01T01:50:00-04:00,,68,71,980.01,,66,101.46,68.5,104
2023-07-01T02:00:00-04:00,,68,71,980.07,,65.8,105.05,69.1,104.7
2023-07-01T02:10:00-04:00,,67,71,980.04,,65.4,101.37,68.1,103.3
2023-07-01T02:20:00-04:00,,68,70,979.98,,66,102.9,68.4,103.8
2023-07-01T02:30:00-04:00,,69,70,979.98,,65.9,102.26,68.8,104.3
2023-07-01T02:40:00-04:00,,69,70,980.02,,66.3,99,68.6,104
2023-07-01T02:50:00-04:00,,69,70,979.95,,66.4,105.97,69.4,105.2
2023-07-01T03:00:00-04:00,,69,70,979.89,,66.2,102.83,68.9,104.4
2023-07-01T03:10:00-04:00,,70,70,979.98,,66.8,102.57,69,104.7
2023-07-01T03:20:00-04:00,,69,69,979.99,,66.2,102.64,69.1,104.8
2023-07-01T03:30:00-04:00,,70,69,979.99,,66.3,104.2,68.8,104.3
2023-07-01T03:40:00-04:00,,71,69,979.97,,63.9,103.87,66.5,100.9
2023-07-01T03:50:00-04:00,,72,69,979.92,,61.6,102.74,64.2,97.4
2023-07-01T04:00:00-04:00,,72,69,979.93,,58.5,100.61,61.6,93.4
2023-07-01T04:10:00-04:00,,73,69,980.02,,58.1,99.56,60.9,92.4
2023-07-01T04:20:00-04:00,,72,69,979.94,,58.4,97.72,61.1,92.8
2023-07-01T04:30:00-04:00,,72,69,980.04,,56.3,92.35,58.9,89.3
2023-07-01T04:40:00-04:00,,72,69,980,,56.8,90.31,59.1,89.7
2023-07-01T04:50:00-04:00,,71,69,980.05,,53.3,85.01,55.5,84.2
2023-07-01T05:00:00-04:00,,71,69,980.18,,52.9,86.15,55.7,84.2
2023-07-01T05:10:00-04:00,,71,69,980.17,,53.2,86.95,55.6,84.1
2023-07-01T05:20:00-04:00,,72,69,980.18,,51.2,83.08,53.8,80.9
2023-07-01T05:30:00-04:00,,72,69,980.16,,50.1,83.35,53.4,79.8
2023-07-01T05:40:00-04:00,,72,69,980.19,,50.3,80.34,53.1,79.3
2023-07-01T05:50:00-04:00,,72,69,980.29,,50.7,81.21,53.4,79.8
2023-07-01T06:00:00-04:00,,72,69,980.39,,49.8,81.39,53.3,79.7
2023-07-01T06:10:00-04:00,,71,69,980.41,,48.8,80.29,52.3,77.7
2023-07-01T06:20:00-04:00,,71,69,980.46,,48.5,74.63,51.8,76.5
2023-07-01T06:30:00-04:00,,71,69,980.46,,46.5,72.9,50.6,73.4
2023-07-01T06:40:00-04:00,,71,69,980.38,,42.9,65.41,48.5,67.8
2023-07-01T06:50:00-04:00,,70,68,980.25,,40.6,62.07,47.3,64.3
2023-07-01T07:00:00-04:00,,71,68,980.21,,40.3,60.94,47.1,64
2023-07-01T07:10:00-04:00,,71,68,980.25,,40.2,60.11,47,63.8
2023-07-01T07:20:00-04:00,,71,69,980.37,,40.2,59.76,47,63.6
2023-07-01T07:30:00-04:00,,71,69,980.58,,38.8,56.73,45.9,61.1
2023-07-01T07:40:00-04:00,,70,69,980.51,,39.1,58.05,46.1,61.7
2023-07-01T07:50:00-04:00,,69,70,980.52,,37.4,56.53,45.3,59.5
2023-07-01T08:00:00-04:00,,68,70,980.52,,36.7,54.56,44.6,57.9
2023-07-01T08:10:00-04:00,,66,71,980.48,,35,53.27,43.7,55.7
2023-07-01T08:20:00-04:00,,65,71,980.41,,33.3,49.05,42.1,52.1
2023-07-01T08:30:00-04:00,,65,71,980.32,,31.6,45.36,41,49.8
2023-07-01T08:40:00-04:00,,64,71,980.33,,30.4,42.62,40.1,48
2023-07-01T08:50:00-04:00,,64,71,980.32,,29,39.14,38.8,45.5
2023-07-01T09:00:00-04:00,,63,72,980.31,,28.1,39.77,38.3,44.5
2023-07-01T09:10:00-04:00,,62,73,980.31,,28,39.07,38.3,44.5
2023-07-01T09:20:00-04:00,,61,73,980.36,,27.2,37.56,37.2,42.6
2023-07-01T09:30:00-04:00,,59,74,980.23,,26.6,35.7,36.6,41.6
2023-07-01T09:40:00-04:00,,57,75,980.2,,24,30.84,34,37.3
2023-07-01T09:50:00-04:00,,55,76,980.19,,22.3,29.46,32.6,34.7
2023-07-01T10:00:00-04:00,,54,77,980.14,,23.9,30.22,34.2,37.5
2023-07-01T10:10:00-04:00,,54,77,980.12,,26.6,36.07,36.6,41.5
2023-07-01T10:20:00-04:00,,53,78,980.15,,25.8,33.2,35.8,40.1
2023-07-01T10:30:00-04:00,,51,79,980.14,,24.6,30.91,34.7,38.4
2023-07-01T10:40:00-04:00,,49,80,980.02,,24.3,30.87,34.5,38
2023-07-01T10:50:00-04:00,,48,80,979.99,,23.7,29.44,33.7,36.7
2023-07-01T11:00:00-04:00,,46,81,980.06,,22.8,25.7,32.6,35
2023-07-01T11:10:00-04:00,,46,82,980.15,,23,27.23,33.1,35.7
2023-07-01T11:20:00-04:00,,45,82,980.13,,23.2,26.3,32.9,35.5
2023-07-01T11:30:00-04:00,,43,83,980.1,,22,27.52,32.2,34.1
2023-07-01T11:40:00-04:00,,41,84,980.12,,19.4,22.2,29,29.9
2023-07-01T11:50:00-04:00,,38,84,980.07,,14.6,15.2,22,22
2023-07-01T12:00:00-04:00,,37,85,980.11,,14.4,14.94,21.6,21.6
2023-07-01T12:10:00-04:00,,35,86,980.16,,12.6,13.76,19.1,19.1
2023-07-01T12:20:00-04:00,,35,85,980.12,,12.9,12.15,19.3,19.3
2023-07-01T12:30:00-04:00,,34,86,980.08,,13.5,13.37,20.5,20.5
2023-07-01T12:40:00-04:00,,34,87,979.99,,13.3,11.33,19.6,19.6
2023-07-01T12:50:00-04:00,,33,88,980.06,,13.1,14.81,20.1,20.1
2023-07-01T13:00:00-04:00,,32,88,979.95,,12.8,12.42,19.2,19.2
2023-07-01T13:10:00-04:00,,32,88,979.82,,13.4,12.27,19.9,19.9
2023-07-01T13:20:00-04:00,,32,89,979.79,,13.4,10.48,19.6,19.6
2023-07-01T13:30:00-04:00,,31,89,979.65,,13.1,11.8,19.6,19.6
2023-07-01T13:40:00-04:00,,30,90,979.53,,12.8,9.56,18.8,18.8
2023-07-01T13:50:00-04:00,,30,90,979.46,,12.5,10.09,18.5,18.5
2023-07-01T14:00:00-04:00,,31,89,979.37,,12.7,10.09,19,19
2023-07-01T14:10:00-04:00,,30,91,979.28,,12.8,10.04,19.1,19.1
2023-07-01T14:20:00-04:00,,30,90,979.09,,13.1,9.25,19.2,19.2
2023-07-01T14:30:00-04:00,,31,89,979.06,,12.4,10.59,18.6,18.6
2023-07-01T14:40:00-04:00,,34,88,979.08,,12.5,10.37,18.8,18.8
2023-07-01T14:50:00-04:00,,34,89,979.03,,12.8,10.88,19.3,19.3
2023-07-01T15:00:00-04:00,,34,89,978.98,,13,11.95,19.8,19.8
2023-07-01T15:10:00-04:00,,34,89,978.86,,13.1,9.59,19.4,19.4
2023-07-01T15:20:00-04:00,,34,91,978.8,,12.8,10.12,19.1,19.1
2023-07-01T15:30:00-04:00,,30,92,978.72,,12.8,8.56,18.9,18.9
2023-07-01T15:40:00-04:00,,29,93,978.58,,12.2,10.12,18.4,18.4
2023-07-01T15:50:00-04:00,,28,94,978.39,,11.6,6.9,17.2,17.2
2023-07-01T16:00:00-04:00,,28,93,978.38,,11.3,10.06,17.4,17.4
2023-07-01T16:10:00-04:00,,31,90,978.49,,11.3,8.77,17.1,17.1
2023-07-01T16:20:00-04:00,,40,85,978.8,,10.9,9.87,16.5,16.5
2023-07-01T16:30:00-04:00,,52,82,978.78,,10.8,10.57,16.1,16.1
2023-07-01T16:40:00-04:00,,50,86,978.61,,10.4,10.34,15.5,15.5
2023-07-01T16:50:00-04:00,,42,91,978.39,,10.9,8.37,15.6,15.6
2023-07-01T17:00:00-04:00,,37,94,978.33,,10.9,6.89,15.7,15.7
2023-07-01T17:10:00-04:00,,33,95,978.3,,10.7,6.53,15.7,15.7
2023-07-01T17:20:00-04:00,,30,97,978.29,,10.6,6.18,15.2,15.2
2023-07-01T17:30:00-04:00,,29,97,978.23,,10.7,7.32,16,16
2023-07-01T17:40:00-04:00,,29,96,978.09,,10.6,6.76,15.5,15.5
2023-07-01T17:50:00-04:00,,30,95,978.14,,10.3,6.38,15.1,15.1
2023-07-01T18:00:00-04:00,,30,97,978.02,,10.3,5.89,14.9,14.9
2023-07-01T18:10:00-04:00,,27,99,977.96,,10.1,4.17,14.6,14.6
2023-07-01T18:20:00-04:00,,28,97,977.94,,10.1,5.27,14.5,14.5
2023-07-01T18:30:00-04:00,,30,95,977.94,,10.1,7.21,15.3,15.3
2023-07-01T18:40:00-04:00,,32,93,977.88,,10.1,5.27,14.8,14.8
2023-07-01T18:50:00-04:00,,31,94,977.96,,10.2,5.58,14.7,14.7
2023-07-01T19:00:00-04:00,,29,97,977.97,,9.8,5.89,14.3,14.3
2023-07-01T19:10:00-04:00,,27,98,977.97,,9.8,5.01,14,14
2023-07-01T19:20:00-04:00,,27,98,978.06,,9.7,5.97,14.1,14.1
2023-07-01T19:30:00-04:00,,28,98,978.07,,9.6,5.09,13.8,13.8
2023-07-01T19:40:00-04:00,,27,98,978,,9.8,5.75,14.2,14.2
2023-07-01T19:50:00-04:00,,29,96,977.98,,9.7,4.76,14,14
2023-07-01T20:00:00-04:00,,33,92,977.92,,10.2,6.6,15,15
2023-07-01T20:10:00-04:00,,36,89,977.87,,10.2,5.1,14.7,14.7
2023-07-01T20:20:00-04:00,,38,87,977.83,,10.4,7.06,15.3,15.3
2023-07-01T20:30:00-04:00,,41,85,977.91,,10.5,8.72,15.5,15.5
2023-07-01T20:40:00-04:00,,43,84,977.92,,10.5,7.62,15.3,15.3
2023-07-01T20:50:00-04:00,,45,83,977.9,,10.4,9.11,15.8,15.8
2023-07-01T21:00:00-04:00,,46,82,977.95,,11.1,8.64,16.6,16.6
2023-07-01T21:10:00-04:00,,48,82,978.15,,13.2,10.01,19.3,19.3
2023-07-01T21:20:00-04:00,,48,81,978.07,,14.6,14.9,22.3,22.3
2023-07-01T21:30:00-04:00,,49,81,978.23,,15.3,16.22,23.3,23.3
2023-07-01T21:40:00-04:00,,50,80,978.31,,15.2,17.96,23.6,23.6
2023-07-01T21:50:00-04:00,,50,80,978.52,,15.8,16.88,23.9,23.9
2023-07-01T22:00:00-04:00,,50,79,978.83,,17.2,20.91,26.3,26.8
2023-07-01T22:10:00-04:00,,53,78,979.23,,13,13.19,19.8,19.8
2023-07-01T22:20:00-04:00,,55,77,979.28,,11,9.96,16.6,16.6
2023-07-01T22:30:00-04:00,,56,76,979.24,,9.6,7.78,13.8,13.8
2023-07-01T22:40:00-04:00,,59,75,979.32,,8.7,6.49,12.2,12.2
2023-07-01T22:50:00-04:00,,59,75,979.32,,8.3,6.92,12.1,12.1
2023-07-01T23:00:00-04:00,,60,75,979.37,,8.6,10.07,12.9,12.9
2023-07-01T23:10:00-04:00,,60,75,979.3,,8.7,7.01,12.7,12.7
2023-07-01T23:20:00-04:00,,60,75,979.21,,9.2,8.81,14,14
2023-07-01T23:30:00-04:00,,60,75,979.12,,9.8,8.88,14.5,14.5
2023-07-01T23:40:00-04:00,,60,74,979.02,,10.1,7.41,14.8,14.8
2023-07-01T23:50:00-04:00,,60,74,978.86,,10.6,9.84,15.6,15.6
2023-07-02T00:00:00-04:00,,60,74,978.8,,11.3,11.58,17,17
2023-07-02T00:10:00-04:00,,61,74,978.74,,10.5,11.49,15.9,15.9
2023-07-02T00:20:00-04:00,,61,73,978.62,,9.9,9.97,15,15
2023-07-02T00:30:00-04:00,,62,73,978.65,,10.1,8.38,14.9,14.9
2023-07-02T00:40:00-04:00,,64,72,978.67,,9.6,9.63,14.1,14.1
2023-07-02T00:50:00-04:00,,64,72,978.72,,9.4,8.74,13.6,13.6
2023-07-02T01:00:00-04:00,,65,72,978.81,,9.9,9.63,14.6,14.6
2023-07-02T01:10:00-04:00,,66,71,978.78,,10.7,9.11,15.8,15.8
2023-07-02T01:20:00-04:00,,66,71,978.63,,10.8,9.55,15.9,15.9
2023-07-02T01:30:00-04:00,,66,71,978.64,,10.9,11.94,16.5,16.5
2023-07-02T01:40:00-04:00,,67,70,978.65,,11.2,9.15,16.2,16.2
2023-07-02T01:50:00-04:00,,68,70,978.58,,11,9.8,16.6,16.6
2023-07-02T02:00:00-04:00,,67,70,978.54,,11.3,11.62,16.8,16.8
2023-07-02T02:10:00-04:00,,67,70,978.47,,11,9.94,16.2,16.2
2023-07-02T02:20:00-04:00,,66,70,978.46,,10.9,10.81,16.4,16.4
2023-07-02T02:30:00-04:00,,67,70,978.44,,10.3,8.49,15.3,15.3
2023-07-02T02:40:00-04:00,,67,69,978.37,,10.4,10.25,15.6,15.6
2023-07-02T02:50:00-04:00,,67,69,978.22,,10.1,9.19,15,15
2023-07-02T03:00:00-04:00,,67,69,978.08,,10.3,8.34,15.2,15.2
2023-07-02T03:10:00-04:00,,68,69,978.07,,10.3,9.92,15.1,15.1
2023-07-02T03:20:00-04:00,,68,69,977.97,,10.3,10.73,15.2,15.2
2023-07-02T03:30:00-04:00,,68,68,977.85,,10.1,9.17,15,15
2023-07-02T03:40:00-04:00,,68,68,977.71,,10.1,8.24,14.7,14.7
2023-07-02T03:50:00-04:00,,68,68,977.92,,10.1,7.74,14.5,14.5
2023-07-02T04:00:00-04:00,,68,68,977.81,,9.7,9.64,14.5,14.5
2023-07-02T04:10:00-04:00,,68,68,977.93,,9.7,8.54,14.2,14.2
2023-07-02T04:20:00-04:00,,68,68,977.93,,9.6,8.31,14.2,14.2
2023-07-02T04:30:00-04:00,,69,67,977.94,,10,9.23,14.9,14.9
2023-07-02T04:40:00-04:00,,69,67,977.93,,10,9.36,14.9,14.9
2023-07-02T04:50:00-04:00,,70,67,977.97,,10.1,7.99,14.6,14.6
2023-07-02T05:00:00-04:00,,69,67,977.93,,9.8,7.59,14.3,14.3
2023-07-02T05:10:00-04:00,,69,67,977.9,,10.2,9.12,15,15
2023-07-02T05:20:00-04:00,,70,66,977.97,,10.2,11.14,15.5,15.5
2023-07-02T05:30:00-04:00,,69,66,977.94,,10.2,8.32,15.1,15.1
2023-07-02T05:40:00-04:00,,70,66,978.02,,10.5,9.85,15.9,15.9
2023-07-02T05:50:00-04:00,,70,66,978.12,,10.8,12.2,16.6,16.6
2023-07-02T06:00:00-04:00,,69,66,978.18,,10.5,9.36,15.6,15.6
2023-07-02T06:10:00-04:00,,69,66,978.19,,10.8,10.34,16.1,16.1
2023-07-02T06:20:00-04:00,,69,67,978.22,,11.3,10.27,16.4,16.4
2023-07-02T06:30:00-04:00,,71,66,978.18,,11.5,9.19,17,17
2023-07-02T06:40:00-04:00,,70,67,978.22,,12.1,11.69,18,18
2023-07-02T06:50:00-04:00,,69,68,978.28,,12.2,11.17,18.2,18.2
2023-07-02T07:00:00-04:00,,69,68,978.32,,13,13.85,19.7,19.7
2023-07-02T07:10:00-04:00,,69,69,978.41,,14.3,13.81,21.4,21.4
2023-07-02T07:20:00-04:00,,68,69,978.52,,14.4,16,22.2,22.2
2023-07-02T07:30:00-04:00,,67,70,978.56,,15.2,16.66,23.3,23.3
2023-07-02T07:40:00-04:00,,67,71,978.59,,15.1,17.1,23,23
2023-07-02T07:50:00-04:00,,66,71,978.6,,14.9,16.56,23.1,23.1
2023-07-02T08:00:00-04:00,,66,72,978.63,,15.1,14.15,23,23
2023-07-02T08:10:00-04:00,,66,72,978.59,,14.8,13.5,22.4,22.4
2023-07-02T08:20:00-04:00,,66,73,978.57,,15.2,14.27,23.1,23.1
2023-07-02T08:30:00-04:00,,65,73,978.53,,14.9,15.4,22.7,22.7
2023-07-02T08:40:00-04:00,,64,74,978.61,,15.3,14.71,23,23
2023-07-02T08:50:00-04:00,,64,75,978.65,,16.5,16.55,24.9,24.9
2023-07-02T09:00:00-04:00,,62,76,978.63,,16.9,17.04,25.8,25.9
2023-07-02T09:10:00-04:00,,59,77,978.54,,17.2,20.99,26.6,26.7
2023-07-02T09:20:00-04:00,,58,78,978.61,,17.6,18.29,27,27.2
2023-07-02T09:30:00-04:00,,56,78,978.66,,17,16.99,25.9,26
2023-07-02T09:40:00-04:00,,55,79,978.63,,17,16.46,25.7,25.7
2023-07-02T09:50:00-04:00,,53,80,978.57,,17.1,18.77,26.4,26.4
2023-07-02T10:00:00-04:00,,51,81,978.57,,17,17.09,26,26
2023-07-02T10:10:00-04:00,,49,81,978.58,,16.5,13.58,25.2,25.2
2023-07-02T10:20:00-04:00,,49,82,978.61,,16.6,14.98,25,25.1
2023-07-02T10:30:00-04:00,,48,83,978.58,,16.3,13.25,24.4,24.4
2023-07-02T10:40:00-04:00,,47,84,978.42,,15.9,14.72,24.6,24.6
2023-07-02T10:50:00-04:00,,45,85,978.46,,16,14.92,24.6,24.6
2023-07-02T11:00:00-04:00,,44,86,978.46,,15.7,12.42,23.8,23.8
2023-07-02T11:10:00-04:00,,42,86,978.52,,16,11.63,24,24
2023-07-02T11:20:00-04:00,,40,86,978.56,,15.9,13.5,24.4,24.4
2023-07-02T11:30:00-04:00,,39,87,978.51,,15.7,12.21,23.6,23.6
2023-07-02T11:40:00-04:00,,40,88,978.48,,16.1,11.56,24.3,24.3
2023-07-02T11:50:00-04:00,,39,88,978.47,,15.8,12.22,24,24
2023-07-02T12:00:00-04:00,,37,89,978.47,,16.5,13.41,25.2,25.2
2023-07-02T12:10:00-04:00,,36,89,978.45,,16.4,13.18,25.5,25.5
2023-07-02T12:20:00-04:00,,37,90,978.43,,17.2,15.3,26.5,26.6
2023-07-02T12:30:00-04:00,,35,91,978.39,,17.5,13.91,27,27.1
2023-07-02T12:40:00-04:00,,34,92,978.37,,17.8,13.51,27.7,27.8
2023-07-02T12:50:00-04:00,,34,92,978.32,,18,14.05,28.1,28.3
2023-07-02T13:00:00-04:00,,34,93,978.3,,17.4,13.49,27.1,27.2
2023-07-02T13:10:00-04:00,,32,94,978.27,,17.2,9.5,26.3,26.3
2023-07-02T13:20:00-04:00,,32,93,978.3,,16.8,12.44,25.8,25.8
2023-07-02T13:30:00-04:00,,31,93,978.25,,17.6,11.56,27.1,27.2
2023-07-02T13:40:00-04:00,,32,92,978.15,,16.2,9.76,24.6,24.6
2023-07-02T13:50:00-04:00,,32,93,978.03,,15.3,10.44,23.1,23.1
2023-07-02T14:00:00-04:00,,33,92,978.01,,15.2,11.13,23.4,23.4
2023-07-02T14:10:00-04:00,,35,91,977.98,,15.9,10.8,24.1,24.1
2023-07-02T14:20:00-04:00,,34,90,977.91,,16,12.14,24.7,24.7
2023-07-02T14:30:00-04:00,,35,91,977.95,,16,12.71,24.6,24.6
2023-07-02T14:40:00-04:00,,36,91,977.92,,15.6,9.96,23.6,23.6
2023-07-02T14:50:00-04:00,,35,91,977.85,,15.6,11.68,23.8,23.8
2023-07-02T15:00:00-04:00,,36,91,977.81,,15.6,14.12,24.1,24.1
2023-07-02T15:10:00-04:00,,36,91,977.71,,15,8.94,22.4,22.4
2023-07-02T15:20:00-04:00,,35,92,977.8,,15.1,11.58,23.2,23.2
2023-07-02T15:30:00-04:00,,32,95,977.72,,13.4,8.17,20,20
2023-07-02T15:40:00-04:00,,29,98,977.69,,12.9,8.44,19.2,19.2
2023-07-02T15:50:00-04:00,,26,100,977.63,,12.5,6.48,18.5,18.5
2023-07-02T16:00:00-04:00,,26,102,977.67,,12.9,7.83,19.3,19.3
2023-07-02T16:10:00-04:00,,26,100,977.65,,13.3,9.22,20.2,20.2
2023-07-02T16:20:00-04:00,,27,99,977.6,,13.7,8.34,20.6,20.6
2023-07-02T16:30:00-04:00,,26,99,977.59,,14.2,11.5,21.8,21.8
2023-07-02T16:40:00-04:00,,26,99,977.58,,14.2,11.76,21.8,21.8
2023-07-02T16:50:00-04:00,,26,102,977.55,,13.8,7.87,20.7,20.7
2023-07-02T17:00:00-04:00,,23,103,977.43,,13.9,9.02,21.2,21.2
2023-07-02T17:10:00-04:00,,27,98,977.65,,13.8,8.47,20.7,20.7
2023-07-02T17:20:00-04:00,,31,93,977.54,,13.3,8.51,20,20
2023-07-02T17:30:00-04:00,,34,91,977.46,,13.7,10.26,20.8,20.8
2023-07-02T17:40:00-04:00,,34,90,977.39,,14.5,10.83,21.6,21.6
2023-07-02T17:50:00-04:00,,31,94,977.47,,14.3,9.55,21.3,21.3
2023-07-02T18:00:00-04:00,,28,99,977.46,,13.4,8.75,20,20
2023-07-02T18:10:00-04:00,,26,100,977.49,,13.3,10.34,20,20
2023-07-02T18:20:00-04:00,,26,100,977.48,,12.8,8.87,19.1,19.1
2023-07-02T18:30:00-04:00,,26,101,977.54,,13.3,9.25,20,20
2023-07-02T18:40:00-04:00,,24,101,977.49,,13.2,8.12,19.8,19.8
2023-07-02T18:50:00-04:00,,24,101,977.45,,13.2,10.24,20,20
2023-07-02T19:00:00-04:00,,24,100,977.53,,13,7.3,19.4,19.4
2023-07-02T19:10:00-04:00,,24,99,977.52,,13.1,8.86,19.8,19.8
2023-07-02T19:20:00-04:00,,25,98,977.63,,12.8,8.41,19.5,19.5
2023-07-02T19:30:00-04:00,,26,97,977.73,,13.3,9.16,19.9,19.9
2023-07-02T19:40:00-04:00,,26,97,977.76,,13.6,10.05,20.7,20.7
2023-07-02T19:50:00-04:00,,27,96,977.99,,13.9,11.35,21.1,21.1
2023-07-02T20:00:00-04:00,,34,92,978.26,,14.4,12.12,21.9,21.9
2023-07-02T20:10:00-04:00,,38,89,978.41,,15,10.38,22.7,22.7
2023-07-02T20:20:00-04:00,,42,86,978.44,,15.6,10.99,23.5,23.5
2023-07-02T20:30:00-04:00,,45,84,978.08,,16.2,14.93,25,25.1
2023-07-02T20:40:00-04:00,,48,83,978.53,,16.1,13.76,24.5,24.6
2023-07-02T20:50:00-04:00,,50,82,978.62,,16.3,13.23,24.9,24.9
2023-07-02T21:00:00-04:00,,52,81,978.53,,15.8,15.26,24.5,24.5
2023-07-02T21:10:00-04:00,,52,80,978.57,,15.7,14.9,24.2,24.2
2023-07-02T21:20:00-04:00,,52,80,978.64,,15.4,14.46,23.6,23.6
2023-07-02T21:30:00-04:00,,52,80,978.74,,15.3,12.42,23.3,23.3
2023-07-02T21:40:00-04:00,,52,80,978.71,,15.7,14,24.1,24.1
2023-07-02T21:50:00-04:00,,52,80,978.88,,15.4,12.76,23.3,23.4
2023-07-02T22:00:00-04:00,,52,80,978.87,,15.9,12.4,23.8,23.8
2023-07-02T22:10:00-04:00,,53,80,978.9,,15.7,16.19,24.4,24.4
2023-07-02T22:20:00-04:00,,52,80,979.02,,15.8,13.02,24,24
2023-07-02T22:30:00-04:00,,53,80,979.03,,16,13.78,24.5,24.5
2023-07-02T22:40:00-04:00,,53,80,979,,16.9,17,26.3,26.3
2023-07-02T22:50:00-04:00,,53,80,978.97,,16.3,15.09,25.3,25.3
2023-07-02T23:00:00-04:00,,53,79,978.5,,16.3,14.34,25.2,25.2
2023-07-02T23:10:00-04:00,,54,79,978.93,,16.4,15.76,25.3,25.3
2023-07-02T23:20:00-04:00,,56,79,978.91,,16.4,14.26,24.9,25
2023-07-02T23:30:00-04:00,,56,79,978.78,,16.4,14.95,25.1,25.1
2023-07-02T23:40:00-04:00,,56,79,979.06,,16.1,13.79,24.4,24.4
2023-07-02T23:50:00-04:00,,56,79,979.06,,16.5,15.54,25.5,25.5
2023-07-03T00:00:00-04:00,,56,79,979,,16.1,14.12,24.6,24.6
2023-07-03T00:10:00-04:00,,57,78,978.56,,16.5,15.1,25.5,25.6
2023-07-03T00:20:00-04:00,,58,78,978.81,,16.7,16.98,25.6,25.6
2023-07-03T00:30:00-04:00,,60,77,978.86,,16.9,16.38,26.3,26.3
2023-07-03T00:40:00-04:00,,60,77,978.83,,17.2,16.9,26.5,26.6
2023-07-03T00:50:00-04:00,,60,77,978.83,,17.1,14.47,25.9,26
2023-07-03T01:00:00-04:00,,61,77,978.87,,17,18.05,26.4,26.4
2023-07-03T01:10:00-04:00,,61,77,978.94,,16.4,14.6,25.1,25.1
2023-07-03T01:20:00-04:00,,61,77,978.9,,16.5,13.63,24.8,24.8
2023-07-03T01:30:00-04:00,,62,76,978.89,,17,14.82,26.3,26.3
2023-07-03T01:40:00-04:00,,62,76,978.92,,16.9,15.84,26,26.1
2023-07-03T01:50:00-04:00,,62,76,978.92,,17.1,14.46,26,26.1
2023-07-03T02:00:00-04:00,,62,76,978.96,,17.5,15.52,26.8,26.8
2023-07-03T02:10:00-04:00,,62,76,979.04,,17.2,14.95,26.7,26.8
2023-07-03T02:20:00-04:00,,62,76,979.12,,16.9,16.8,26.1,26.1
2023-07-03T02:30:00-04:00,,61,76,979.22,,17.4,15.16,26.2,26.2
2023-07-03T02:40:00-04:00,,61,76,979.25,,17.5,14.75,26.6,26.7
2023-07-03T02:50:00-04:00,,61,76,979.22,,17.6,16.36,27.1,27.2
2023-07-03T03:00:00-04:00,,62,75,979.23,,17.4,13.68,26.5,26.5
2023-07-03T03:10:00-04:00,,62,75,979.07,,17.3,13.69,26.3,26.3
2023-07-03T03:20:00-04:00,,63,75,979.09,,17.6,13.4,26.5,26.5
2023-07-03T03:30:00-04:00,,63,74,979.04,,17.7,16.16,27.2,27.4
2023-07-03T03:40:00-04:00,,64,74,979.03,,18.2,17.11,27.8,28
2023-07-03T03:50:00-04:00,,65,74,979,,18.1,17.61,28,28.2
2023-07-03T04:00:00-04:00,,65,74,979.08,,17.9,15.33,27.4,27.6
2023-07-03T04:10:00-04:00,,65,73,979.06,,17.8,16.57,27.1,27.2
2023-07-03T04:20:00-04:00,,66,73,979.02,,17.8,15.73,27.2,27.2
2023-07-03T04:30:00-04:00,,66,73,979.1,,18.3,16.13,27.7,27.9
2023-07-03T04:40:00-04:00,,66,73,979.19,,18.2,18.1,27.9,28.1
2023-07-03T04:50:00-04:00,,67,73,979.21,,17.8,16.47,27.3,27.4
2023-07-03T05:00:00-04:00,,67,72,979.22,,18.6,15.45,27.8,28
2023-07-03T05:10:00-04:00,,68,72,979.35,,18.4,15.3,28,28.2
2023-07-03T05:20:00-04:00,,68,72,979.38,,18.1,18.62,27.9,28.1
2023-07-03T05:30:00-04:00,,69,71,979.45,,18.7,16.93,28.4,28.7
2023-07-03T05:40:00-04:00,,68,72,979.42,,17.9,15.63,27.2,27.3
2023-07-03T05:50:00-04:00,,68,72,979.64,,18.2,17.24,27.6,27.9
2023-07-03T06:00:00-04:00,,68,72,979.67,,18.5,16.74,28.3,28.4
2023-07-03T06:10:00-04:00,,68,72,979.73,,19.1,18.83,29.1,29.6
2023-07-03T06:20:00-04:00,,68,71,979.71,,18.9,15.36,28.5,28.8
2023-07-03T06:30:00-04:00,,67,72,979.86,,18.9,17.37,28.6,28.9
2023-07-03T06:40:00-04:00,,67,72,979.89,,18.4,16.14,28.3,28.6
2023-07-03T06:50:00-04:00,,66,72,979.89,,18.4,17.08,28.2,28.4
2023-07-03T07:00:00-04:00,,66,73,979.9,,18.4,17.22,28,28.2
2023-07-03T07:10:00-04:00,,66,73,979.97,,18.4,16.55,27.8,28
2023-07-03T07:20:00-04:00,,66,73,980.02,,18.9,17.33,28.5,28.8
2023-07-03T07:30:00-04:00,,66,73,980.01,,18.7,19.56,28.6,29
2023-07-03T07:40:00-04:00,,65,74,979.98,,18.9,16.09,28.4,28.7
2023-07-03T07:50:00-04:00,,65,75,980.16,,19.1,16.84,28.9,29.3
2023-07-03T08:00:00-04:00,,64,75,980.14,,18.8,19.81,28.8,29.2
2023-07-03T08:10:00-04:00,,63,76,980.18,,18,15.93,27.8,28
2023-07-03T08:20:00-04:00,,62,77,980.13,,17.7,15.45,27.1,27.2
2023-07-03T08:30:00-04:00,,61,77,980.2,,17.7,14.46,26.8,26.8
2023-07-03T08:40:00-04:00,,59,79,980.29,,17.3,14.81,26.2,26.2
2023-07-03T08:50:00-04:00,,57,80,980.36,,16,13.48,24.4,24.4
2023-07-03T09:00:00-04:00,,54,80,980.34,,14.5,10.53,21.5,21.5
2023-07-03T09:10:00-04:00,,52,81,980.42,,14.3,11.56,21.6,21.6
2023-07-03T09:20:00-04:00,,51,82,980.37,,13.4,11.02,20.2,20.2
2023-07-03T09:30:00-04:00,,49,82,980.22,,13.5,11.78,20.5,20.5
2023-07-03T09:40:00-04:00,,49,84,980.32,,13.5,8.62,19.9,19.9
2023-07-03T09:50:00-04:00,,47,84,980.27,,13.3,7.4,19.6,19.6
2023-07-03T10:00:00-04:00,,46,85,980.29,,13.3,12.2,20,20
2023-07-03T10:10:00-04:00,,46,86,980.18,,12.9,11.02,19.2,19.2
2023-07-03T10:20:00-04:00,,43,86,980.29,,12.4,7.25,18.2,18.2
2023-07-03T10:30:00-04:00,,42,87,980.28,,12.5,7.31,18.2,18.2
2023-07-03T10:40:00-04:00,,41,88,980.19,,12,8.26,17.7,17.7
2023-07-03T10:50:00-04:00,,40,89,980.14,,12,6.71,17.6,17.6
2023-07-03T11:00:00-04:00,,39,90,979.88,,11.8,6.27,17.1,17.1
2023-07-03T11:10:00-04:00,,38,90,980.12,,12.2,7.97,18,18
2023-07-03T11:20:00-04:00,,38,90,980.19,,12.4,8.45,18.3,18.3
2023-07-03T11:30:00-04:00,,37,91,980.19,,12,7.81,17.5,17.5
2023-07-03T11:40:00-04:00,,35,92,979.89,,11.9,6.48,17.2,17.2
2023-07-03T11:50:00-04:00,,32,92,980.22,,11.5,7.6,17.1,17.1
2023-07-03T12:00:00-04:00,,33,93,980.24,,12,6.65,17.6,17.6
2023-07-03T12:10:00-04:00,,32,93,980.22,,11.8,6.48,17.3,17.3
2023-07-03T12:20:00-04:00,,31,93,980.18,,11.5,7.58,16.9,16.9
2023-07-03T12:30:00-04:00,,31,94,980.13,,11.5,7.76,16.8,16.8
2023-07-03T12:40:00-04:00,,32,94,980.17,,11.5,7.32,16.6,16.6
2023-07-03T12:50:00-04:00,,32,96,980.14,,11.1,6.87,16.5,16.5
2023-07-03T13:00:00-04:00,,30,97,980.12,,11,5.4,15.9,15.9
2023-07-03T13:10:00-04:00,,28,97,980.02,,11,6.29,15.9,15.9
2023-07-03T13:20:00-04:00,,27,97,979.95,,11.1,6.66,16,16
2023-07-03T13:30:00-04:00,,30,97,979.89,,11.4,6.07,16.6,16.6
2023-07-03T13:40:00-04:00,,29,97,979.81,,11.4,6.65,16.7,16.7
2023-07-03T13:50:00-04:00,,27,97,979.73,,11.5,5.64,16.4,16.4
2023-07-03T14:00:00-04:00,,29,97,979.7,,11.6,6.76,17.2,17.2
2023-07-03T14:10:00-04:00,,30,97,979.67,,12.2,8.17,18,18
2023-07-03T14:20:00-04:00,,29,98,979.6,,12.3,6.97,17.8,17.8
2023-07-03T14:30:00-04:00,,26,99,979.59,,12,6.95,17.2,17.2
2023-07-03T14:40:00-04:00,,25,100,979.6,,11.7,7.21,17.2,17.2
2023-07-03T14:50:00-04:00,,27,99,979.6,,13.1,8.14,19.6,19.6
2023-07-03T15:00:00-04:00,,28,100,979.65,,13.1,7.2,19.5,19.5
2023-07-03T15:10:00-04:00,,27,100,979.64,,13.6,7.22,20.1,20.1
2023-07-03T15:20:00-04:00,,27,100,979.59,,13.2,8.01,20,20
2023-07-03T15:30:00-04:00,,27,98,979.51,,13.3,8.55,20.1,20.1
2023-07-03T15:40:00-04:00,,28,97,979.46,,12.5,7.14,18.3,18.3
2023-07-03T15:50:00-04:00,,27,100,979.4,,11.9,6.45,17.3,17.3
2023-07-03T16:00:00-04:00,,24,101,979.4,,11.9,6.84,17.6,17.6
2023-07-03T16:10:00-04:00,,24,103,979.48,,11.1,5.71,16.2,16.2
2023-07-03T16:20:00-04:00,,22,105,979.55,,11.5,5.87,16.5,16.5
2023-07-03T16:30:00-04:00,,21,108,979.45,,10.7,5.24,15.4,15.4
2023-07-03T16:40:00-04:00,,18,110,979.4,,10.3,4.39,14.7,14.7
2023-07-03T16:50:00-04:00,,17,111,979.4,,10.2,4.72,14.4,14.4
2023-07-03T17:00:00-04:00,,16,113,979.35,,10,4.2,13.9,13.9
2023-07-03T17:10:00-04:00,,16,112,979.3,,10,4.61,13.9,13.9
2023-07-03T17:20:00-04:00,,17,112,979.29,,10.1,4.91,13.9,13.9
2023-07-03T17:30:00-04:00,,16,112,979.2,,9.2,4.84,12.9,12.9
2023-07-03T17:40:00-04:00,,15,114,979.18,,9.1,3.98,12.5,12.5
2023-07-03T17:50:00-04:00,,14,113,979.21,,9.1,4.12,12.6,12.6
2023-07-03T18:00:00-04:00,,15,113,979.24,,9,4.29,12.6,12.6
2023-07-03T18:10:00-04:00,,16,112,979.25,,9.5,4.37,13,13
2023-07-03T18:20:00-04:00,,15,114,979.24,,9.4,5.33,12.9,12.9
2023-07-03T18:30:00-04:00,,14,114,979.21,,9.5,3.98,13,13
2023-07-03T18:40:00-04:00,,15,114,979.23,,9.5,4.81,13.2,13.2
2023-07-03T18:50:00-04:00,,15,113,979.36,,10.9,3.95,15.7,15.7
2023-07-03T19:00:00-04:00,,16,112,979.45,,9.8,4.78,13.9,13.9
2023-07-03T19:10:00-04:00,,16,111,979.42,,10,4.43,13.9,13.9
2023-07-03T19:20:00-04:00,,16,110,979.36,,9.9,6.19,14.1,14.1
2023-07-03T19:30:00-04:00,,18,109,979.23,,11.3,5.76,16.6,16.6
2023-07-03T19:40:00-04:00,,20,106,979.24,,13.3,5.63,19.9,19.9
2023-07-03T19:50:00-04:00,,22,103,979.29,,14.6,9.37,22.4,22.4
2023-07-03T20:00:00-04:00,,26,100,979.36,,13.2,8.21,20.3,20.3
2023-07-03T20:10:00-04:00,,30,95,979.46,,12.6,9.28,19.2,19.2
2023-07-03T20:20:00-04:00,,33,92,979.55,,13.4,8.53,20.1,20.1
2023-07-03T20:30:00-04:00,,36,90,979.63,,14,9.65,21.2,21.2
2023-07-03T20:40:00-04:00,,38,89,979.72,,14.2,10.12,21.2,21.2
2023-07-03T20:50:00-04:00,,39,88,979.74,,14.3,10.68,21.7,21.7
2023-07-03T21:00:00-04:00,,41,87,979.78,,14.1,10.29,21.6,21.6
2023-07-03T21:10:00-04:00,,42,86,979.71,,14.3,9.82,21.5,21.5
2023-07-03T21:20:00-04:00,,43,85,979.9,,14.2,11.75,21.6,21.6
2023-07-03T21:30:00-04:00,,44,85,980.03,,14.3,10.2,21.6,21.6
2023-07-03T21:40:00-04:00,,44,84,980.04,,14.2,10.6,21.3,21.3
2023-07-03T21:50:00-04:00,,45,84,980.19,,13.9,11.17,21.1,21.1
2023-07-03T22:00:00-04:00,,45,84,980.4,,13.8,11.4,21,21
2023-07-03T22:10:00-04:00,,45,84,980.5,,13.7,10.68,20.8,20.8
2023-07-03T22:20:00-04:00,,46,83,980.48,,14.1,11.18,21.4,21.4
2023-07-03T22:30:00-04:00,,46,83,980.53,,14.3,10.46,21.5,21.5
2023-07-03T22:40:00-04:00,,47,83,980.55,,13.8,10.31,20.9,20.9
2023-07-03T22:50:00-04:00,,47,83,980.63,,14.7,10.77,21.9,21.9
2023-07-03T23:00:00-04:00,,48,82,980.79,,14.3,11.8,21.7,21.7
2023-07-03T23:10:00-04:00,,48,82,980.78,,14.6,10.04,21.9,21.9
2023-07-03T23:20:00-04:00,,48,82,980.84,,14.6,11.35,22,22
2023-07-03T23:30:00-04:00,,49,82,980.89,,14.6,11.88,22.5,22.5
2023-07-03T23:40:00-04:00,,50,81,980.99,,15,12.96,23,23
2023-07-03T23:50:00-04:00,,51,81,980.98,,14.9,12.4,22.9,22.9
2023-07-04T00:00:00-04:00,,53,80,980.93,,15.2,13.74,23.3,23.3
2023-07-04T00:10:00-04:00,,53,80,980.84,,15.3,12.04,23.5,23.5
2023-07-04T00:20:00-04:00,,53,79,980.92,,15.3,13.83,23.7,23.7
2023-07-04T00:30:00-04:00,,53,79,980.93,,15.6,11.9,23.4,23.4
2023-07-04T00:40:00-04:00,,53,79,980.83,,15.9,12.72,23.9,23.9
2023-07-04T00:50:00-04:00,,54,79,980.8,,15.3,14.86,23.8,23.8
2023-07-04T01:00:00-04:00,,55,78,980.72,,15.4,14.26,23.7,23.7
2023-07-04T01:10:00-04:00,,56,78,980.65,,15.7,12.88,24.1,24.1
2023-07-04T01:20:00-04:00,,57,77,980.7,,16.4,14.54,25.1,25.2
2023-07-04T01:30:00-04:00,,59,77,980.66,,16.3,14.64,25,25
2023-07-04T01:40:00-04:00,,59,77,980.75,,15.9,16.12,24.9,24.9
2023-07-04T01:50:00-04:00,,59,76,980.75,,16,15.3,24.6,24.7
2023-07-04T02:00:00-04:00,,59,76,980.79,,16.6,12.83,25.3,25.3
2023-07-04T02:10:00-04:00,,60,76,980.92,,16.5,14.87,25.6,25.6
2023-07-04T02:20:00-04:00,,60,76,980.95,,16.7,13.95,25.2,25.2
2023-07-04T02:30:00-04:00,,60,76,981.01,,16.7,15.18,25.8,25.8
2023-07-04T02:40:00-04:00,,60,76,981.08,,17,16.33,26.5,26.5
2023-07-04T02:50:00-04:00,,59,76,981.1,,17.2,17.43,26.9,27
2023-07-04T03:00:00-04:00,,59,76,981.11,,17.1,17.27,26.7,26.8
2023-07-04T03:10:00-04:00,,60,76,981.22,,17.1,16.34,26.6,26.6
2023-07-04T03:20:00-04:00,,60,76,981.22,,16.2,16.09,25.3,25.3
2023-07-04T03:30:00-04:00,,60,76,981.16,,16,13.29,24.5,24.5
2023-07-04T03:40:00-04:00,,62,75,981.2,,15.8,14.32,24.4,24.4
2023-07-04T03:50:00-04:00,,62,75,981.14,,15.3,12.16,23.2,23.2
2023-07-04T04:00:00-04:00,,62,74,981.12,,15,11.57,22.7,22.7
2023-07-04T04:10:00-04:00,,62,74,981.21,,15,13.67,23,23
2023-07-04T04:20:00-04:00,,63,74,981.3,,15.5,14.32,23.9,23.9
2023-07-04T04:30:00-04:00,,63,74,981.28,,15.5,11.35,23.1,23.1
2023-07-04T04:40:00-04:00,,63,74,981.35,,15.6,14.76,23.8,23.8
2023-07-04T04:50:00-04:00,,63,73,981.43,,15.7,13.72,23.8,23.8
2023-07-04T05:00:00-04:00,,63,73,981.51,,16,14.02,24.5,24.5
2023-07-04T05:10:00-04:00,,64,73,981.58,,16.2,14.38,24.7,24.7
2023-07-04T05:20:00-04:00,,63,73,981.58,,15.5,14.95,23.7,23.7
2023-07-04T05:30:00-04:00,,63,73,981.63,,15.9,14.75,24.3,24.4
2023-07-04T05:40:00-04:00,,63,73,981.71,,15.8,14.6,24.1,24.1
2023-07-04T05:50:00-04:00,,64,73,981.79,,16.1,14.77,24.5,24.5
2023-07-04T06:00:00-04:00,,64,74,981.83,,16,14.7,24.6,24.6
2023-07-04T06:10:00-04:00,,64,74,981.9,,16.7,16.91,25.9,25.9
2023-07-04T06:20:00-04:00,,64,74,982,,16.7,16.66,25.9,26
2023-07-04T06:30:00-04:00,,63,75,982.05,,17.2,15.64,26.4,26.4
2023-07-04T06:40:00-04:00,,62,76,982.11,,17.9,16.47,27.5,27.6
2023-07-04T06:50:00-04:00,,61,76,982.22,,18.5,16.85,28.1,28.4
2023-07-04T07:00:00-04:00,,60,77,982.26,,18.8,18.98,29.1,29.5
2023-07-04T07:10:00-04:00,,59,78,982.22,,19.1,17.89,29.3,29.9
2023-07-04T07:20:00-04:00,,59,78,982.26,,19.1,16.78,29.2,29.6
2023-07-04T07:30:00-04:00,,58,78,982.25,,19.9,18.91,30.2,31.1
2023-07-04T07:40:00-04:00,,57,79,982.29,,19,17.31,29.2,29.6
2023-07-04T07:50:00-04:00,,56,78,981.79,,19.1,16.04,28.9,29.4
2023-07-04T08:00:00-04:00,,56,80,982.31,,18.8,16.85,28.8,29
2023-07-04T08:10:00-04:00,,55,80,982.31,,18.6,16.33,28.5,28.8
2023-07-04T08:20:00-04:00,,54,80,982.17,,18.5,16.54,28.4,28.7
2023-07-04T08:30:00-04:00,,54,81,982.38,,18.5,17.9,28.5,28.8
2023-07-04T08:40:00-04:00,,53,81,982.5,,17.9,14.57,27.4,27.5
2023-07-04T08:50:00-04:00,,52,82,982.49,,18.2,16.6,27.7,27.8
2023-07-04T09:00:00-04:00,,51,83,982.62,,19.5,22.98,29.3,30.7
2023-07-04T09:10:00-04:00,,49,84,982.7,,17.9,15.28,27.2,27.4
2023-07-04T09:20:00-04:00,,48,84,982.58,,16.9,13.98,26.3,26.4
2023-07-04T09:30:00-04:00,,47,85,982.45,,17.6,15.28,27.1,27.2
2023-07-04T09:40:00-04:00,,46,86,982.49,,17.2,13.07,26.2,26.3
2023-07-04T09:50:00-04:00,,44,86,982.6,,16.5,12.8,25.5,25.5
2023-07-04T10:00:00-04:00,,42,87,982.55,,16,13.24,24.6,24.6
2023-07-04T10:10:00-04:00,,41,88,982.61,,15.6,10.95,23.7,23.7
2023-07-04T10:20:00-04:00,,39,88,982.66,,14.8,8.66,22,22
2023-07-04T10:30:00-04:00,,38,89,982.66,,15,11.08,22.4,22.4
2023-07-04T10:40:00-04:00,,38,89,982.77,,14.7,9.84,22.3,22.3
2023-07-04T10:50:00-04:00,,38,90,982.86,,16,9.58,23.8,23.8
2023-07-04T11:00:00-04:00,,38,91,982.97,,15.7,9.93,24,24
2023-07-04T11:10:00-04:00,,36,92,982.95,,15.9,10.46,24,24.1
2023-07-04T11:20:00-04:00,,36,92,982.93,,16.1,11.53,24.6,24.6
2023-07-04T11:30:00-04:00,,34,93,983.04,,15.3,10.84,23.5,23.5
2023-07-04T11:40:00-04:00,,34,94,983.06,,15.9,13.14,24.5,24.5
2023-07-04T11:50:00-04:00,,34,94,983.16,,16,9.92,24.1,24.1
2023-07-04T12:00:00-04:00,,34,93,983.2,,15.6,10.15,23.7,23.7
2023-07-04T12:10:00-04:00,,34,93,983.11,,15.7,11.46,24,24
2023-07-04T12:20:00-04:00,,34,93,982.96,,15.1,9.96,22.9,22.9
2023-07-04T12:30:00-04:00,,32,94,982.85,,15,10.36,22.7,22.7
2023-07-04T12:40:00-04:00,,31,95,982.69,,14.9,9.36,22.6,22.6
2023-07-04T12:50:00-04:00,,30,95,982.77,,14,8.19,21.2,21.2
2023-07-04T13:00:00-04:00,,30,95,982.64,,14.4,8,21.4,21.4
2023-07-04T13:10:00-04:00,,30,97,982.6,,14.7,8.12,22,22
2023-07-04T13:20:00-04:00,,28,96,982.5,,14.1,8.31,21.1,21.1
2023-07-04T13:30:00-04:00,,28,96,982.47,,13.9,7.72,21.2,21.2
2023-07-04T13:40:00-04:00,,29,95,982.45,,14.8,9.07,22.3,22.3
2023-07-04T13:50:00-04:00,,30,96,982.38,,15,11.89,23.1,23.1
2023-07-04T14:00:00-04:00,,29,96,982.29,,15.4,10.81,23.5,23.5
2023-07-04T14:10:00-04:00,,29,96,982.29,,16.8,10.42,25,26.1
2023-07-04T14:20:00-04:00,,29,97,982.27,,15.9,12.36,24.2,24.2
2023-07-04T14:30:00-04:00,,28,97,982.17,,14.7,10.84,22.8,22.8
2023-07-04T14:40:00-04:00,,29,97,982.12,,15.4,10.19,23.3,23.3
2023-07-04T14:50:00-04:00,,28,97,982.13,,14.5,9.71,22.1,22.1
2023-07-04T15:00:00-04:00,,28,98,982.1,,15.2,12.64,23.3,23.4
2023-07-04T15:10:00-04:00,,28,98,982.03,,14.4,8.75,21.7,21.7
2023-07-04T15:20:00-04:00,,27,98,981.86,,14.6,9.3,22,22
2023-07-04T15:30:00-04:00,,28,98,981.87,,14.7,11.43,22.3,22.3
2023-07-04T15:40:00-04:00,,26,99,981.78,,14.2,7.77,21.2,21.2
2023-07-04T15:50:00-04:00,,25,100,981.79,,13.5,8.24,20.5,20.5
2023-07-04T16:00:00-04:00,,24,99,981.67,,13.1,8.04,19.6,19.6
2023-07-04T16:10:00-04:00,,24,99,981.78,,13.2,8.83,19.8,19.8
2023-07-04T16:20:00-04:00,,23,101,981.7,,12.8,8.29,19.4,19.4
2023-07-04T16:30:00-04:00,,24,99,981.69,,13.2,7.72,19.8,19.8
2023-07-04T16:40:00-04:00,,25,99,981.66,,13.6,8.71,20.5,20.5
2023-07-04T16:50:00-04:00,,25,100,981.65,,14,9.65,21.2,21.2
2023-07-04T17:00:00-04:00,,26,99,981.53,,13.9,8.96,21,21
2023-07-04T17:10:00-04:00,,26,99,981.61,,13.8,8.64,20.9,20.9
2023-07-04T17:20:00-04:00,,25,100,981.54,,13.8,9.23,20.5,20.5
2023-07-04T17:30:00-04:00,,23,103,981.61,,13.5,9.57,20.5,20.5
2023-07-04T17:40:00-04:00,,23,104,981.6,,13.1,7.7,19.7,19.7
2023-07-04T17:50:00-04:00,,23,103,981.56,,12.7,8.36,19.2,19.2
2023-07-04T18:00:00-04:00,,23,102,981.49,,11.9,8.4,18,18
2023-07-04T18:10:00-04:00,,21,103,981.49,,11,5.21,16,16
2023-07-04T18:20:00-04:00,,20,103,981.44,,10.1,5.84,15,15
2023-07-04T18:30:00-04:00,,20,104,981.46,,9.9,4.48,14.2,14.2
2023-07-04T18:40:00-04:00,,19,103,981.52,,9.7,5.16,13.7,13.7
2023-07-04T18:50:00-04:00,,20,100,981.55,,8.8,4.34,12.6,12.6
2023-07-04T19:00:00-04:00,,20,100,981.57,,9.2,4.5,13.1,13.1
2023-07-04T19:10:00-04:00,,22,97,981.55,,8.8,5.93,13,13
2023-07-04T19:20:00-04:00,,22,97,981.64,,9.2,5.29,13.4,13.4
2023-07-04T19:30:00-04:00,,23,96,981.67,,9,5.94,13.2,13.2
2023-07-04T19:40:00-04:00,,23,94,981.69,,8.9,5.55,13,13
2023-07-04T19:50:00-04:00,,24,93,981.67,,9,4.77,13.1,13.1
2023-07-04T20:00:00-04:00,,26,91,981.78,,9.2,6.61,13.5,13.5
2023-07-04T20:10:00-04:00,,27,90,981.83,,9.3,4.94,13.3,13.3
2023-07-04T20:20:00-04:00,,28,89,981.97,,9.7,6.92,14.4,14.4
2023-07-04T20:30:00-04:00,,30,88,982.03,,10.2,7.1,15,15
2023-07-04T20:40:00-04:00,,32,88,981.99,,10.6,7.24,15.4,15.4
2023-07-04T20:50:00-04:00,,34,87,982.03,,10.9,7.63,16.3,16.3
2023-07-04T21:00:00-04:00,,36,87,982.1,,11.1,8.57,16.7,16.7
2023-07-04T21:10:00-04:00,,38,86,982.13,,11.8,10.09,17.9,17.9
2023-07-04T21:20:00-04:00,,39,85,982.21,,12,9.13,18.3,18.3
2023-07-04T21:30:00-04:00,,40,85,982.28,,12.3,9.05,18.5,18.5
2023-07-04T21:40:00-04:00,,42,84,982.39,,12.9,11.33,19.5,19.5
2023-07-04T21:50:00-04:00,,43,83,982.43,,13.2,9.16,19.7,19.7
2023-07-04T22:00:00-04:00,,44,83,982.53,,13.2,10.83,20.1,20.1
2023-07-04T22:10:00-04:00,,45,82,982.6,,12.9,11.48,20,20
2023-07-04T22:20:00-04:00,,46,82,982.67,,13.5,11.09,20.6,20.6
2023-07-04T22:30:00-04:00,,47,81,982.77,,13.5,10.33,20.4,20.4
2023-07-04T22:40:00-04:00,,48,80,982.83,,14,8.8,20.7,20.7
2023-07-04T22:50:00-04:00,,49,80,982.83,,14,12.2,21.3,21.3
2023-07-04T23:00:00-04:00,,50,80,982.89,,14.1,12.73,21.6,21.6
2023-07-04T23:10:00-04:00,,50,80,982.87,,13.3,11.37,20,20
2023-07-04T23:20:00-04:00,,50,80,982.92,,12.9,11.11,19.8,19.8
2023-07-04T23:30:00-04:00,,49,80,982.91,,12.8,10.82,19.4,19.4
2023-07-04T23:40:00-04:00,,49,80,982.96,,12.8,10.95,19.2,19.2
2023-07-04T23:50:00-04:00,,49,79,982.99,,13.2,9.66,19.8,19.8
2023-07-05T00:00:00-04:00,,51,78,982.86,,13.4,11.13,20.3,20.3
2023-07-05T00:10:00-04:00,,52,78,982.98,,13.7,13.16,21,21
2023-07-05T00:20:00-04:00,,52,77,983.01,,13.3,11.79,20.2,20.2
2023-07-05T00:30:00-04:00,,54,77,983.02,,13.5,12.83,20.5,20.5
2023-07-05T00:40:00-04:00,,54,77,983.03,,13.3,12.68,20.5,20.5
2023-07-05T00:50:00-04:00,,53,77,982.97,,13.4,12.25,20.2,20.2
2023-07-05T01:00:00-04:00,,53,77,982.98,,13.1,11.8,20.2,20.2
2023-07-05T01:10:00-04:00,,51,77,982.96,,13,13.28,20,20
2023-07-05T01:20:00-04:00,,51,77,983.03,,12.5,10.17,19,19
2023-07-05T01:30:00-04:00,,51,77,982.95,,12.7,10.9,18.9,18.9
2023-07-05T01:40:00-04:00,,51,77,982.91,,12.7,11.2,19.4,19.4
2023-07-05T01:50:00-04:00,,53,77,982.92,,13.2,10.76,20.3,20.3
2023-07-05T02:00:00-04:00,,55,76,982.91,,13.4,11.34,20.2,20.2
2023-07-05T02:10:00-04:00,,55,76,982.92,,13.6,12.53,20.5,20.5
2023-07-05T02:20:00-04:00,,54,76,982.96,,13.5,13.22,20.8,20.8
2023-07-05T02:30:00-04:00,,54,76,983.03,,13.8,13.03,20.9,20.9
2023-07-05T02:40:00-04:00,,54,76,983.07,,13.6,11.35,20.7,20.7
2023-07-05T02:50:00-04:00,,55,75,983.04,,13.8,14.62,21.4,21.4
2023-07-05T03:00:00-04:00,,57,75,982.96,,14.2,10.77,21.1,21.1
2023-07-05T03:10:00-04:00,,58,74,982.9,,14.4,12.75,21.8,21.8
2023-07-05T03:20:00-04:00,,59,74,982.94,,14.5,14,22,22
2023-07-05T03:30:00-04:00,,59,74,982.88,,14.1,11.43,21.2,21.2
2023-07-05T03:40:00-04:00,,59,73,982.86,,14,10.76,21.1,21.1
2023-07-05T03:50:00-04:00,,60,73,982.99,,13.6,13.2,20.7,20.7
2023-07-05T04:00:00-04:00,,62,72,983.13,,13.5,12.39,20.6,20.6
2023-07-05T04:10:00-04:00,,63,71,983.09,,13.8,12.56,20.7,20.7
2023-07-05T04:20:00-04:00,,63,71,983.09,,14.2,10.05,21.2,21.2
2023-07-05T04:30:00-04:00,,63,71,983.14,,14.5,14.2,22.2,22.2
2023-07-05T04:40:00-04:00,,63,71,983.03,,14.6,11.41,21.7,21.7
2023-07-05T04:50:00-04:00,,63,71,983.15,,15.1,14.59,23.2,23.2
2023-07-05T05:00:00-04:00,,63,71,983.11,,14.7,15.38,22.7,22.7
2023-07-05T05:10:00-04:00,,63,71,982.95,,16.5,16.22,25.1,25.1
2023-07-05T05:20:00-04:00,,63,71,982.78,,16.3,17.89,25.4,25.4
2023-07-05T05:30:00-04:00,,64,70,982.79,,15.9,17.34,24.5,24.5
2023-07-05T05:40:00-04:00,,64,70,982.82,,15.9,15.99,24.4,24.4
2023-07-05T05:50:00-04:00,,64,70,982.9,,17,18.54,26.1,26.2
2023-07-05T06:00:00-04:00,,65,71,983.03,,18.6,20.51,28.9,29.3
2023-07-05T06:10:00-04:00,,65,71,983,,19.2,21.3,29.5,30.1
2023-07-05T06:20:00-04:00,,65,71,982.69,,19.5,21.51,29.8,30.3
2023-07-05T06:30:00-04:00,,65,71,982.78,,19.8,19.97,30,30.7
2023-07-05T06:40:00-04:00,,66,72,982.76,,19.6,20.35,29.8,30.6
2023-07-05T06:50:00-04:00,,66,72,982.67,,19.7,19.92,30,30.7
2023-07-05T07:00:00-04:00,,66,72,982.82,,19.4,19.47,29.7,30.4
2023-07-05T07:10:00-04:00,,66,73,982.9,,18.9,17.82,28.4,28.8
2023-07-05T07:20:00-04:00,,66,73,982.82,,18.5,17.6,28.2,28.5
2023-07-05T07:30:00-04:00,,66,74,982.73,,17.1,15.83,26.2,26.2
2023-07-05T07:40:00-04:00,,66,74,982.79,,15.7,15.48,23.9,23.9
2023-07-05T07:50:00-04:00,,66,75,982.67,,15.4,13.88,23.2,23.2
2023-07-05T08:00:00-04:00,,65,75,982.7,,14.7,11.79,22.2,22.2
2023-07-05T08:10:00-04:00,,65,75,982.68,,14.6,12.23,22,22
2023-07-05T08:20:00-04:00,,64,76,982.66,,14.5,10.3,21.4,21.4
2023-07-05T08:30:00-04:00,,62,77,982.62,,14.1,11.85,21.6,21.6
2023-07-05T08:40:00-04:00,,62,77,982.57,,14.3,12.07,21.9,21.9
2023-07-05T08:50:00-04:00,,60,78,982.55,,14,12.25,21.3,21.3
2023-07-05T09:00:00-04:00,,59,79,982.51,,13.9,13.91,21.7,21.7
2023-07-05T09:10:00-04:00,,59,80,982.49,,13.8,11.21,21,21
2023-07-05T09:20:00-04:00,,57,80,982.49,,14.4,13.02,21.9,21.9
2023-07-05T09:30:00-04:00,,56,81,982.56,,14.1,11.28,21.5,21.5
2023-07-05T09:40:00-04:00,,55,82,982.57,,14.2,10.58,21.4,21.4
2023-07-05T09:50:00-04:00,,53,83,982.61,,14.6,11.93,22.3,22.3
2023-07-05T10:00:00-04:00,,52,84,982.6,,14.6,10.37,21.8,21.8
2023-07-05T10:10:00-04:00,,51,85,982.47,,14.4,11.26,21.6,21.6
2023-07-05T10:20:00-04:00,,48,86,982.4,,14.4,10.02,21.9,21.9
2023-07-05T10:30:00-04:00,,45,86,982.31,,14.1,9.27,21,21
2023-07-05T10:40:00-04:00,,44,87,982.22,,13.7,10.1,20.4,20.4
2023-07-05T10:50:00-04:00,,43,88,982.14,,13.3,8.2,19.8,19.8
2023-07-05T11:00:00-04:00,,42,88,982.11,,13.5,9.02,20.1,20.1
2023-07-05T11:10:00-04:00,,41,89,981.88,,13.1,8.69,19.9,19.9
2023-07-05T11:20:00-04:00,,40,90,982.09,,13.2,8.94,19.9,19.9
2023-07-05T11:30:00-04:00,,39,91,982.11,,13,8.47,19.6,19.6
2023-07-05T11:40:00-04:00,,38,91,982.13,,13.2,8.6,19.9,19.9
2023-07-05T11:50:00-04:00,,38,91,981.93,,13.3,8.82,19.6,19.6
2023-07-05T12:00:00-04:00,,37,92,981.99,,13,8.87,19.5,19.5
2023-07-05T12:10:00-04:00,,36,93,981.96,,12.8,7.74,19.1,19.1
2023-07-05T12:20:00-04:00,,36,93,981.94,,13,7.36,19.1,19.1
2023-07-05T12:30:00-04:00,,36,93,981.84,,12.6,7.45,18.7,18.7
2023-07-05T12:40:00-04:00,,35,93,981.7,,12.2,7.52,18.3,18.3
2023-07-05T12:50:00-04:00,,34,94,981.67,,12,6.58,17.5,17.5
2023-07-05T13:00:00-04:00,,33,95,981.61,,11.3,6.04,16.6,16.6
2023-07-05T13:10:00-04:00,,32,95,981.58,,10.1,5.32,14.6,14.6
2023-07-05T13:20:00-04:00,,31,94,981.55,,8.6,4.7,12.3,12.3
2023-07-05T13:30:00-04:00,,32,94,981.49,,8.5,4.94,12.1,12.1
2023-07-05T13:40:00-04:00,,30,95,981.48,,5.7,3.32,7.4,7.4
2023-07-05T13:50:00-04:00,,29,95,981.4,,5.1,3.5,6.7,6.7
2023-07-05T14:00:00-04:00,,29,96,981.3,,4.9,2.49,6.4,6.4
2023-07-05T14:10:00-04:00,,29,95,981.3,,5.7,3.35,7.5,7.5
2023-07-05T14:20:00-04:00,,30,96,981.21,,6.1,3.12,8.2,8.2
2023-07-05T14:30:00-04:00,,31,96,981.1,,7.7,4.58,10.9,10.9
2023-07-05T14:40:00-04:00,,33,94,981.13,,8.4,5.08,12.3,12.3
2023-07-05T14:50:00-04:00,,35,92,981.28,,9.4,6.14,14,14
2023-07-05T15:00:00-04:00,,44,86,982.26,,5.2,4.86,6.7,6.7
2023-07-05T15:10:00-04:00,,59,80,982.48,,5.2,4.75,6.7,6.7
2023-07-05T15:20:00-04:00,,70,76,982.52,,10.9,9.87,16.5,16.5
2023-07-05T15:30:00-04:00,,70,77,982.15,,8.4,7.84,12.4,12.4
2023-07-05T15:40:00-04:00,,69,79,981.89,,9,6.28,12.9,12.9
2023-07-05T15:50:00-04:00,,67,81,981.76,,9.2,6.44,13.3,13.3
2023-07-05T16:00:00-04:00,,61,81,981.73,,10.8,7.26,15.5,15.5
2023-07-05T16:10:00-04:00,,59,82,981.73,,11.8,7.68,17.6,17.6
2023-07-05T16:20:00-04:00,,59,82,981.6,,13.2,11.17,20.1,20.1
2023-07-05T16:30:00-04:00,,58,82,981.54,,14.9,10.41,22.8,22.8
2023-07-05T16:40:00-04:00,,57,83,981.54,,15.9,14.31,24.8,24.8
2023-07-05T16:50:00-04:00,,56,83,981.53,,16.5,12.25,25.3,25.3
2023-07-05T17:00:00-04:00,,53,85,981.47,,16.8,12.72,25.9,25.9
2023-07-05T17:10:00-04:00,,50,87,981.44,,16.6,11.96,25.5,25.6
2023-07-05T17:20:00-04:00,,50,87,981.45,,17.1,10.2,25.9,25.9
2023-07-05T17:30:00-04:00,,48,89,981.55,,17.2,10.99,26.1,26.2
2023-07-05T17:40:00-04:00,,46,92,981.6,,16.3,11.45,25.1,25.1
2023-07-05T17:50:00-04:00,,44,93,981.5,,16,9.79,24.4,24.4
2023-07-05T18:00:00-04:00,,40,96,981.52,,15.7,10.53,24.4,24.4
2023-07-05T18:10:00-04:00,,39,96,981.42,,16,9.42,24.5,24.5
2023-07-05T18:20:00-04:00,,38,95,981.31,,16.2,9.86,25.2,25.2
2023-07-05T18:30:00-04:00,,38,96,981.29,,16.4,10.58,25.1,25.1
2023-07-05T18:40:00-04:00,,40,94,981.16,,16.5,9.86,25.1,25.1
2023-07-05T18:50:00-04:00,,43,90,981.02,,16.2,9.16,24.8,24.8
2023-07-05T19:00:00-04:00,,45,88,980.9,,16.2,10.47,25,25
2023-07-05T19:10:00-04:00,,46,88,980.78,,16.5,11.29,25.2,25.3
2023-07-05T19:20:00-04:00,,43,91,980.77,,16.1,10.84,24.4,24.4
2023-07-05T19:30:00-04:00,,41,91,980.76,,15.6,10.83,24.2,24.2
2023-07-05T19:40:00-04:00,,43,90,980.85,,15.9,8.69,24.2,24.2
2023-07-05T19:50:00-04:00,,43,89,980.78,,16.4,10.92,25.1,25.1
2023-07-05T20:00:00-04:00,,45,88,980.74,,16.8,11.13,25.5,25.6
2023-07-05T20:10:00-04:00,,45,88,981.01,,16.9,10.16,25.8,25.8
2023-07-05T20:20:00-04:00,,47,86,980.9,,17.3,10.82,26.4,26.4
2023-07-05T20:30:00-04:00,,49,86,980.79,,17.7,12.87,26.9,27
2023-07-05T20:40:00-04:00,,50,85,980.82,,17.8,14.67,27.6,27.8
2023-07-05T20:50:00-04:00,,51,84,980.83,,18.2,13.86,27.8,28.1
2023-07-05T21:00:00-04:00,,52,83,980.65,,18.2,13.45,28,28.1
2023-07-05T21:10:00-04:00,,53,83,980.62,,18.6,13.43,28.5,28.8
2023-07-05T21:20:00-04:00,,54,82,980.64,,19,14.68,28.9,29.2
2023-07-05T21:30:00-04:00,,55,82,980.69,,19.2,15.64,29.5,30
2023-07-05T21:40:00-04:00,,55,82,980.76,,19.7,14.76,30,30.7
2023-07-05T21:50:00-04:00,,56,82,980.83,,19.8,15.18,30.3,31.1
2023-07-05T22:00:00-04:00,,56,81,980.86,,18.8,12.91,28.6,28.8
2023-07-05T22:10:00-04:00,,57,81,981.03,,18.4,14.65,28.4,28.7
2023-07-05T22:20:00-04:00,,58,80,981.11,,18,13.58,27.7,27.8
2023-07-05T22:30:00-04:00,,58,80,981.2,,17.6,13.46,27.2,27.3
2023-07-05T22:40:00-04:00,,57,80,981.16,,16.8,13.37,25.9,26
2023-07-05T22:50:00-04:00,,58,80,981.19,,16.3,11.22,24.8,24.8
2023-07-05T23:00:00-04:00,,58,79,981.11,,15.1,12.05,23.2,23.2
2023-07-05T23:10:00-04:00,,58,79,981.11,,14.9,11.8,22.8,22.8
2023-07-05T23:20:00-04:00,,58,79,981.15,,14.6,9.75,22.1,22.1
2023-07-05T23:30:00-04:00,,59,79,981.2,,13.6,10.14,20.6,20.6
2023-07-05T23:40:00-04:00,,58,78,981.25,,12.8,7.77,19.1,19.1
2023-07-05T23:50:00-04:00,,59,78,981.24,,12.3,7.49,18.2,18.2
2023-07-06T00:00:00-04:00,,59,78,981.24,,11.8,7.78,17.6,17.6
2023-07-06T00:10:00-04:00,,59,78,981.18,,11.8,8.45,17.6,17.6
2023-07-06T00:20:00-04:00,,59,78,981.28,,11.5,8.72,17.4,17.4
2023-07-06T00:30:00-04:00,,60,77,981.48,,11.4,6.65,16.7,16.7
2023-07-06T00:40:00-04:00,,59,78,981.56,,11.4,6.27,16.7,16.7
2023-07-06T00:50:00-04:00,,59,77,981.79,,11.7,8.53,17.9,17.9
2023-07-06T01:00:00-04:00,,61,77,981.83,,12,7.77,17.9,17.9
2023-07-06T01:10:00-04:00,,61,77,981.77,,12.4,8.13,18.6,18.6
2023-07-06T01:20:00-04:00,,61,77,981.64,,12.4,9.24,18.6,18.6
2023-07-06T01:30:00-04:00,,62,77,981.84,,13,8.65,19.5,19.5
2023-07-06T01:40:00-04:00,,62,77,981.81,,13.5,9.36,20.1,20.1
2023-07-06T01:50:00-04:00,,63,76,981.71,,14.1,11.18,21.4,21.4
2023-07-06T02:00:00-04:00,,64,76,981.73,,13.7,10.07,20.7,20.7
2023-07-06T02:10:00-04:00,,65,76,981.64,,12.8,12.07,19.8,19.8
2023-07-06T02:20:00-04:00,,66,76,981.65,,13.4,9.02,19.8,19.8
2023-07-06T02:30:00-04:00,,67,76,981.56,,13.5,10.56,20.2,20.2
2023-07-06T02:40:00-04:00,,68,76,981.57,,13.2,9.69,20,20
2023-07-06T02:50:00-04:00,,69,75,981.66,,13.5,8.3,20,20
2023-07-06T03:00:00-04:00,,69,75,981.57,,13.5,10.28,20.3,20.3
2023-07-06T03:10:00-04:00,,70,75,981.53,,13.8,8.94,20.3,20.3
2023-07-06T03:20:00-04:00,,70,75,981.51,,13.9,9.71,20.7,20.7
2023-07-06T03:30:00-04:00,,70,75,981.47,,13.8,10.86,20.9,20.9
2023-07-06T03:40:00-04:00,,71,74,981.45,,14.1,9.48,20.4,20.4
2023-07-06T03:50:00-04:00,,71,75,981.39,,13.6,8.99,19.9,19.9
2023-07-06T04:00:00-04:00,,71,75,981.19,,13.6,9.08,20.3,20.3
2023-07-06T04:10:00-04:00,,72,74,981.1,,13.9,9.58,20.9,20.9
2023-07-06T04:20:00-04:00,,72,74,981.05,,13.6,9.96,20.2,20.2
2023-07-06T04:30:00-04:00,,71,75,980.91,,13.9,8.86,20.1,20.1
2023-07-06T04:40:00-04:00,,71,75,980.89,,13.5,11.27,20.3,20.3
2023-07-06T04:50:00-04:00,,72,75,981.1,,14,9.86,20.9,20.9
2023-07-06T05:00:00-04:00,,72,74,981.18,,13.8,8.9,20.2,20.2
2023-07-06T05:10:00-04:00,,72,75,981.12,,13.4,9.56,20.3,20.3
2023-07-06T05:20:00-04:00,,71,75,980.9,,14.1,9.43,20.6,20.6
2023-07-06T05:30:00-04:00,,71,75,980.91,,13,9.02,19.7,19.7
2023-07-06T05:40:00-04:00,,72,75,980.98,,13.9,10.62,20.7,20.7
2023-07-06T05:50:00-04:00,,72,75,980.93,,13.4,9.33,19.9,19.9
2023-07-06T06:00:00-04:00,,72,75,980.76,,12.9,10.63,19.6,19.6
2023-07-06T06:10:00-04:00,,72,75,980.73,,12.7,6.97,18.6,18.6
2023-07-06T06:20:00-04:00,,72,74,980.74,,11.6,7.42,17.2,17.2
2023-07-06T06:30:00-04:00,,72,75,980.65,,12.2,7.43,18,18
2023-07-06T06:40:00-04:00,,72,74,980.69,,12.7,5.38,18.2,18.2
2023-07-06T06:50:00-04:00,,73,74,980.81,,13,8.92,19.2,19.2
2023-07-06T07:00:00-04:00,,73,75,980.85,,13.1,9.75,19.5,19.5
2023-07-06T07:10:00-04:00,,72,74,980.82,,11.9,7.53,17.5,17.5
2023-07-06T07:20:00-04:00,,73,74,980.85,,11.8,7.94,17.4,17.4
2023-07-06T07:30:00-04:00,,73,74,980.82,,12.2,7.32,17.3,17.3
2023-07-06T07:40:00-04:00,,74,74,980.88,,12.3,6.35,17.9,17.9
2023-07-06T07:50:00-04:00,,74,74,980.88,,11.9,8.82,17.8,17.8
2023-07-06T08:00:00-04:00,,74,74,980.87,,12.1,7.11,17.6,17.6
2023-07-06T08:10:00-04:00,,74,74,980.95,,12.3,7.8,18,18
2023-07-06T08:20:00-04:00,,73,75,981.03,,13,7.68,19,19
2023-07-06T08:30:00-04:00,,73,75,980.99,,13.4,7.8,19.6,19.6
2023-07-06T08:40:00-04:00,,73,75,980.91,,13.9,11.55,21.3,21.3
2023-07-06T08:50:00-04:00,,73,75,981.04,,13.8,9.61,21.2,21.2
2023-07-06T09:00:00-04:00,,73,75,980.95,,11.5,6.6,16.6,16.6
2023-07-06T09:10:00-04:00,,73,75,980.73,,11.1,7.25,16.6,16.6
2023-07-06T09:20:00-04:00,,73,75,980.66,,10.4,5.02,15,15
2023-07-06T09:30:00-04:00,,72,75,980.71,,9.5,4.98,13.7,13.7
2023-07-06T09:40:00-04:00,,72,75,980.64,,8.9,4.06,12.3,12.3
2023-07-06T09:50:00-04:00,,71,76,980.59,,8,5.09,11.2,11.2
2023-07-06T10:00:00-04:00,,70,75,980.7,,4.3,2.44,4.9,4.9
2023-07-06T10:10:00-04:00,,70,75,980.78,,3.6,2.16,3.7,3.7
2023-07-06T10:20:00-04:00,,71,75,980.65,,3.4,2.11,3.5,3.5
2023-07-06T10:30:00-04:00,,71,75,980.49,,3.4,2.26,3.5,3.5
2023-07-06T10:40:00-04:00,,70,75,980.57,,3.2,1.91,3.1,3.1
2023-07-06T10:50:00-04:00,,70,75,980.62,,3,1.48,2.9,2.9
2023-07-06T11:00:00-04:00,,70,75,980.48,,2.9,1.62,2.8,2.8
2023-07-06T11:10:00-04:00,,69,75,980.53,,2.6,1.56,2.2,2.2
2023-07-06T11:20:00-04:00,,69,75,980.44,,2.6,1.68,2.2,2.2
2023-07-06T11:30:00-04:00,,69,76,980.39,,2.3,1.4,1.9,1.9
2023-07-06T11:40:00-04:00,,68,76,980.47,,2.3,1,1.9,1.9
2023-07-06T11:50:00-04:00,,68,76,980.44,,2.7,1.1,2.1,2.1
2023-07-06T12:00:00-04:00,,68,77,980.45,,3.9,1.12,3.3,3.3
2023-07-06T12:10:00-04:00,,67,77,980.45,,5.3,1.2,4.5,4.5
2023-07-06T12:20:00-04:00,,67,77,980.35,,3.3,1.15,2.6,2.6
2023-07-06T12:30:00-04:00,,67,77,980.38,,2.9,1.23,2.3,2.3
2023-07-06T12:40:00-04:00,,67,77,980.32,,2.9,1.59,2.7,2.7
2023-07-06T12:50:00-04:00,,67,77,980.26,,3.1,1.73,2.9,2.9
2023-07-06T13:00:00-04:00,,67,76,980.22,,3.7,1.53,3.5,3.5
2023-07-06T13:10:00-04:00,,68,76,980.3,,4.7,1.35,4.4,4.4
2023-07-06T13:20:00-04:00,,68,76,980.28,,5.1,1.95,4.6,4.6
2023-07-06T13:30:00-04:00,,68,76,980.24,,5,2.22,5,5
2023-07-06T13:40:00-04:00,,68,76,980.26,,5.5,2.06,6.1,6.1
2023-07-06T13:50:00-04:00,,68,76,980.17,,4.2,2.19,4.7,4.7
2023-07-06T14:00:00-04:00,,68,76,980.13,,3.5,1.81,3.7,3.7
2023-07-06T14:10:00-04:00,,68,75,979.89,,4,1.28,4.3,4.3
2023-07-06T14:20:00-04:00,,69,75,979.79,,3.6,1.61,4.1,4.1
2023-07-06T14:30:00-04:00,,69,76,979.75,,4.3,2.58,5.4,5.4
2023-07-06T14:40:00-04:00,,69,76,979.75,,5,2.98,6.4,6.4
2023-07-06T14:50:00-04:00,,68,77,979.78,,5.4,1.87,6.5,6.5
2023-07-06T15:00:00-04:00,,67,78,979.79,,5.7,2,7.8,7.8
2023-07-06T15:10:00-04:00,,66,78,979.83,,7.4,2.26,9.8,9.8
2023-07-06T15:20:00-04:00,,66,78,979.71,,9.2,1.58,11.7,11.7
2023-07-06T15:30:00-04:00,,66,77,979.73,,6.6,1.73,8.2,8.2
2023-07-06T15:40:00-04:00,,66,75,979.75,,2.9,1.27,2.3,2.3
2023-07-06T15:50:00-04:00,,69,74,979.74,,2.6,1.77,2.3,2.3
2023-07-06T16:00:00-04:00,,71,74,979.76,,2.9,1.39,2.6,2.6
2023-07-06T16:10:00-04:00,,70,74,979.64,,2.9,1.75,2.9,2.9
2023-07-06T16:20:00-04:00,,70,74,979.6,,3.6,1.53,3.7,3.7
2023-07-06T16:30:00-04:00,,70,74,979.6,,3.7,1.42,3.9,3.9
2023-07-06T16:40:00-04:00,,70,75,979.63,,3.6,1.73,3.7,3.7
2023-07-06T16:50:00-04:00,,70,75,979.67,,2.9,1.39,2.9,2.9
2023-07-06T17:00:00-04:00,,70,74,979.62,,3,1.14,2.9,2.9
2023-07-06T17:10:00-04:00,,70,74,979.65,,3.1,1.54,3.1,3.1
2023-07-06T17:20:00-04:00,,70,74,979.53,,3.1,1.92,3.2,3.2
2023-07-06T17:30:00-04:00,,70,74,979.53,,3.1,1.29,3.2,3.2
2023-07-06T17:40:00-04:00,,70,74,979.61,,3.2,1.62,3.5,3.5
2023-07-06T17:50:00-04:00,,69,74,979.63,,3.5,1.65,3.8,3.8
2023-07-06T18:00:00-04:00,,69,74,979.61,,3.5,2.3,3.9,3.9
2023-07-06T18:10:00-04:00,,69,74,979.59,,4.5,1.98,5.3,5.3
2023-07-06T18:20:00-04:00,,69,75,979.62,,4.7,2.08,5.7,5.7
2023-07-06T18:30:00-04:00,,69,75,979.58,,4.6,3.02,5.7,5.7
2023-07-06T18:40:00-04:00,,68,75,979.45,,4.7,1.98,5.8,5.8
2023-07-06T18:50:00-04:00,,68,75,979.41,,5.2,2.51,6.7,6.7
2023-07-06T19:00:00-04:00,,69,75,979.44,,5.2,2.35,6.5,6.5
2023-07-06T19:10:00-04:00,,68,75,979.36,,5.1,2.93,6.7,6.7
2023-07-06T19:20:00-04:00,,68,76,979.09,,5.4,2.51,7,7
2023-07-06T19:30:00-04:00,,66,77,978.97,,5.7,2.5,7.3,7.3
2023-07-06T19:40:00-04:00,,65,77,978.9,,5.7,2.34,7.4,7.4
2023-07-06T19:50:00-04:00,,66,76,978.95,,6,3.04,7.9,7.9
2023-07-06T20:00:00-04:00,,63,78,978.92,,6.1,3.04,7.8,7.8
2023-07-06T20:10:00-04:00,,61,78,978.94,,6.5,2.34,8.6,8.6
2023-07-06T20:20:00-04:00,,63,78,978.99,,6.9,2.58,9,9
2023-07-06T20:30:00-04:00,,64,76,979.14,,7,3.64,9.5,9.5
2023-07-06T20:40:00-04:00,,65,75,979.29,,9.4,5,13.8,13.8
2023-07-06T20:50:00-04:00,,66,75,979.31,,13.5,15.07,20.1,20.2
2023-07-06T21:00:00-04:00,,67,74,979.29,,14.1,21.45,21.4,21.8
2023-07-06T21:10:00-04:00,,69,73,979.42,,10.6,16.51,16,16
2023-07-06T21:20:00-04:00,,69,73,979.57,,7.3,5.33,10.3,10.3
2023-07-06T21:30:00-04:00,,68,73,979.63,,8.9,5.29,13.1,13.1
2023-07-06T21:40:00-04:00,,68,73,979.59,,10.6,7.48,15.8,15.8
2023-07-06T21:50:00-04:00,,67,72,979.69,,12.6,9.23,18.8,18.8
2023-07-06T22:00:00-04:00,,67,72,979.83,,13.5,9.21,20.3,20.3
2023-07-06T22:10:00-04:00,,68,71,980.07,,14.4,10.24,22,22
2023-07-06T22:20:00-04:00,,69,71,980.16,,14.3,12.89,22.3,22.3
2023-07-06T22:30:00-04:00,,69,71,980.23,,14.2,10.52,21.4,21.4
2023-07-06T22:40:00-04:00,,69,71,980.29,,14.1,10.73,21.5,21.5
2023-07-06T22:50:00-04:00,,70,71,980.18,,14.3,11.65,22,22
2023-07-06T23:00:00-04:00,,70,70,980.31,,13.9,10.48,21.6,21.6
2023-07-06T23:10:00-04:00,,70,70,980.22,,13.5,9.43,20.4,20.4
2023-07-06T23:20:00-04:00,,70,70,980.11,,13.5,11.46,20.6,20.6
2023-07-06T23:30:00-04:00,,70,70,980.05,,13.7,10.85,20.6,20.6
2023-07-06T23:40:00-04:00,,70,70,979.76,,13.7,11.52,20.5,20.5
2023-07-06T23:50:00-04:00,,70,70,979.65,,13.2,11.7,20.6,20.6
2023-07-07T00:00:00-04:00,,70,69,979.81,,13.5,9.26,20.5,20.5
2023-07-07T00:10:00-04:00,,70,69,979.72,,13.6,12.31,20.9,20.9
2023-07-07T00:20:00-04:00,,71,69,979.57,,13.8,10.5,20.8,20.8
2023-07-07T00:30:00-04:00,,71,69,979.78,,14.1,10.67,20.9,20.9
2023-07-07T00:40:00-04:00,,71,68,979.91,,14.3,11.62,21.6,21.6
2023-07-07T00:50:00-04:00,,71,68,979.81,,14.2,12.97,21.7,21.7
2023-07-07T01:00:00-04:00,,71,68,979.73,,14,9.63,21,21
2023-07-07T01:10:00-04:00,,72,68,979.79,,14.7,10.18,22.1,22.1
2023-07-07T01:20:00-04:00,,71,69,979.58,,14.2,12.59,21.6,21.6
2023-07-07T01:30:00-04:00,,71,68,979.47,,14.2,10.63,21.5,21.5
2023-07-07T01:40:00-04:00,,71,68,979.64,,14.5,11.5,21.7,21.7
2023-07-07T01:50:00-04:00,,71,68,979.68,,14.6,12.38,22.1,22.2
2023-07-07T02:00:00-04:00,,72,68,979.82,,14.5,11.55,21.8,21.8
2023-07-07T02:10:00-04:00,,72,68,979.93,,14.3,12.47,21.7,21.7
2023-07-07T02:20:00-04:00,,72,68,979.84,,14.2,11.91,21.5,21.5
2023-07-07T02:30:00-04:00,,72,68,979.86,,14.4,11.2,21.5,21.6
2023-07-07T02:40:00-04:00,,71,68,979.97,,14.4,12.47,21.7,21.8
2023-07-07T02:50:00-04:00,,71,67,979.87,,14.1,11.3,21.4,21.4
2023-07-07T03:00:00-04:00,,71,67,979.88,,14.6,12.07,21.7,21.8
2023-07-07T03:10:00-04:00,,71,67,979.88,,14.3,13.28,21.9,21.9
2023-07-07T03:20:00-04:00,,71,67,979.91,,17.3,15.37,26.2,26.6
2023-07-07T03:30:00-04:00,,71,66,980.06,,17.9,17.75,27.7,27.9
2023-07-07T03:40:00-04:00,,72,66,980.09,,17.9,17.4,27.4,27.6
2023-07-07T03:50:00-04:00,,71,66,980.06,,16.5,13.34,24.9,24.9
2023-07-07T04:00:00-04:00,,72,66,980.15,,17.9,16.04,27.3,27.4
2023-07-07T04:10:00-04:00,,72,66,980.2,,17,15.87,26.2,26.2
2023-07-07T04:20:00-04:00,,73,66,980.17,,16,14.62,24.4,24.4
2023-07-07T04:30:00-04:00,,72,66,980.12,,16.2,13.5,24.7,24.8
2023-07-07T04:40:00-04:00,,72,66,980.12,,16,12.29,24.2,24.2
2023-07-07T04:50:00-04:00,,72,66,980.13,,16.2,14.25,24.6,24.6
2023-07-07T05:00:00-04:00,,72,66,980.13,,15.2,14.86,23.6,23.6
2023-07-07T05:10:00-04:00,,72,66,980.06,,16.1,14.45,24.9,24.9
2023-07-07T05:20:00-04:00,,72,66,980.2,,15.5,12.87,23.4,23.4
2023-07-07T05:30:00-04:00,,72,65,980.25,,15.9,14.92,24,24.1
2023-07-07T05:40:00-04:00,,72,65,980.31,,13.5,8.76,19.7,19.7
2023-07-07T05:50:00-04:00,,73,65,980.42,,12.6,9.37,19,19
2023-07-07T06:00:00-04:00,,72,66,980.55,,13.1,9.77,20,20
2023-07-07T06:10:00-04:00,,73,66,980.62,,13.9,7.99,20.2,20.2
2023-07-07T06:20:00-04:00,,73,66,980.62,,14,10.44,20.8,20.8
2023-07-07T06:30:00-04:00,,73,67,980.8,,14.1,9.23,20.9,20.9
2023-07-07T06:40:00-04:00,,72,67,980.92,,14,10.49,21,21
2023-07-07T06:50:00-04:00,,72,67,980.92,,14.6,11.66,22.5,22.6
2023-07-07T07:00:00-04:00,,72,68,980.91,,14.3,10.54,21.6,21.6
2023-07-07T07:10:00-04:00,,71,68,980.96,,14.2,10.35,21.6,21.6
2023-07-07T07:20:00-04:00,,72,68,980.94,,14.1,11.05,21.3,21.3
2023-07-07T07:30:00-04:00,,72,69,981.03,,15,11.95,22.8,22.8
2023-07-07T07:40:00-04:00,,71,69,981.1,,15.8,11.8,23.9,23.9
2023-07-07T07:50:00-04:00,,71,70,981.1,,15.6,13.41,24.1,24.1
2023-07-07T08:00:00-04:00,,69,71,980.99,,14.9,10.68,22.5,22.5
2023-07-07T08:10:00-04:00,,69,70,980.99,,14.8,11.86,22.5,22.5
2023-07-07T08:20:00-04:00,,69,71,981.01,,14.8,10.68,22.1,22.1
2023-07-07T08:30:00-04:00,,68,72,981.04,,13.5,10.69,20.4,20.4
2023-07-07T08:40:00-04:00,,67,72,980.99,,13,11.3,20,20
2023-07-07T08:50:00-04:00,,66,73,981.07,,12.3,7.66,18.5,18.5
2023-07-07T09:00:00-04:00,,63,74,981.11,,10.7,7.66,15.7,15.7
2023-07-07T09:10:00-04:00,,60,74,981.14,,9.7,5.64,13.8,13.8
2023-07-07T09:20:00-04:00,,59,75,981.17,,9.2,4.59,12.9,12.9
2023-07-07T09:30:00-04:00,,57,75,981.19,,9.6,7.18,13.6,13.6
2023-07-07T09:40:00-04:00,,57,75,981.2,,10,6.18,14.1,14.1
2023-07-07T09:50:00-04:00,,56,75,981.2,,10.9,7.41,16.1,16.1
2023-07-07T10:00:00-04:00,,55,77,981.19,,12.2,5.96,17.2,17.2
2023-07-07T10:10:00-04:00,,52,77,981.12,,12.3,6.89,17.7,17.7
2023-07-07T10:20:00-04:00,,53,77,981.08,,13.7,8.3,20.3,20.3
2023-07-07T10:30:00-04:00,,51,78,981.07,,13.5,7.59,19,19
2023-07-07T10:40:00-04:00,,51,79,981.04,,12.4,6.42,18.1,18.1
2023-07-07T10:50:00-04:00,,50,80,981.1,,14.1,7.79,20.9,20.9
2023-07-07T11:00:00-04:00,,50,79,981.13,,13.9,6.56,20.3,20.3
2023-07-07T11:10:00-04:00,,50,78,981.14,,12.7,6.99,18.8,18.8
2023-07-07T11:20:00-04:00,,51,78,981.21,,11.1,7.04,16.5,16.5
2023-07-07T11:30:00-04:00,,52,78,981.34,,10.4,6.6,14.9,14.9
2023-07-07T11:40:00-04:00,,53,78,981.36,,10.7,7.91,15.9,15.9
2023-07-07T11:50:00-04:00,,52,78,981.32,,10.7,5.7,15.5,15.5
2023-07-07T12:00:00-04:00,,51,79,981.25,,10.9,6,15.7,15.7
2023-07-07T12:10:00-04:00,,48,80,981.3,,11.2,7.05,16.5,16.5
2023-07-07T12:20:00-04:00,,47,80,981.23,,10.5,6.94,15.5,15.5
2023-07-07T12:30:00-04:00,,46,82,981.2,,11.1,7.18,16.2,16.2
2023-07-07T12:40:00-04:00,,45,83,981.11,,11.1,6.4,16.4,16.4
2023-07-07T12:50:00-04:00,,44,84,981.02,,11.8,7.01,17.3,17.3
2023-07-07T13:00:00-04:00,,43,84,980.94,,11.5,7.52,17,17
2023-07-07T13:10:00-04:00,,43,85,980.87,,11.8,6.02,17.4,17.4
2023-07-07T13:20:00-04:00,,43,84,980.93,,11.5,7.21,17.2,17.2
2023-07-07T13:30:00-04:00,,44,81,980.91,,11.4,8.27,17,17
2023-07-07T13:40:00-04:00,,44,82,980.73,,12.5,7.09,18,18
2023-07-07T13:50:00-04:00,,44,82,980.5,,13.3,8.61,19.6,19.6
2023-07-07T14:00:00-04:00,,45,82,980.7,,12.2,7.77,17.9,17.9
2023-07-07T14:10:00-04:00,,44,85,980.68,,12.4,7.81,18.1,18.1
2023-07-07T14:20:00-04:00,,41,86,980.78,,13.6,7.55,19.4,19.4
2023-07-07T14:30:00-04:00,,40,87,980.85,,15.2,9.94,22.5,22.5
2023-07-07T14:40:00-04:00,,37,89,980.83,,15.3,8.05,22.9,22.9
2023-07-07T14:50:00-04:00,,37,88,980.8,,14.5,7.25,21.2,21.2
2023-07-07T15:00:00-04:00,,37,88,980.75,,15.4,9.29,22.9,22.9
2023-07-07T15:10:00-04:00,,37,89,980.79,,15.4,8.46,23,23
2023-07-07T15:20:00-04:00,,38,88,980.9,,14.8,8.79,22.6,22.7
2023-07-07T15:30:00-04:00,,37,90,980.68,,14.1,8.57,21,21
2023-07-07T15:40:00-04:00,,35,90,980.65,,14.5,7.88,21.6,21.6
2023-07-07T15:50:00-04:00,,35,88,980.69,,13.8,8.07,20.6,20.6
2023-07-07T16:00:00-04:00,,35,87,980.71,,13.4,6.96,19.8,19.8
2023-07-07T16:10:00-04:00,,35,87,980.73,,13.1,6.99,19.4,19.4
2023-07-07T16:20:00-04:00,,34,88,980.64,,13.2,7.17,19.6,19.6
2023-07-07T16:30:00-04:00,,35,87,980.56,,13.7,8.55,20.4,20.4
2023-07-07T16:40:00-04:00,,36,86,980.58,,13.6,8.09,20.2,20.2
2023-07-07T16:50:00-04:00,,37,86,980.53,,13.8,7.46,20,20
2023-07-07T17:00:00-04:00,,38,85,980.55,,13.2,7.96,19.7,19.7
2023-07-07T17:10:00-04:00,,38,85,980.48,,13.7,8.88,20.6,20.6
2023-07-07T17:20:00-04:00,,39,86,980.33,,12.6,7.25,18.5,18.5
2023-07-07T17:30:00-04:00,,36,90,980.34,,12.6,9.37,18.9,18.9
2023-07-07T17:40:00-04:00,,30,94,980.22,,12.8,8.26,19.1,19.1
2023-07-07T17:50:00-04:00,,28,96,980.17,,12.3,5.5,18,18
2023-07-07T18:00:00-04:00,,28,95,979.99,,12,6.62,17.9,17.9
2023-07-07T18:10:00-04:00,,29,94,979.82,,12,7.44,17.6,17.6
2023-07-07T18:20:00-04:00,,28,95,979.64,,12.4,7.7,18.4,18.4
2023-07-07T18:30:00-04:00,,27,96,979.72,,11.8,5.82,17.5,17.5
2023-07-07T18:40:00-04:00,,27,96,979.67,,11.8,5.99,17.4,17.4
2023-07-07T18:50:00-04:00,,26,96,979.65,,12.3,6.74,18.4,18.4
2023-07-07T19:00:00-04:00,,30,91,979.69,,12,5.96,17.7,17.7
2023-07-07T19:10:00-04:00,,33,88,979.7,,11.8,5.78,17.4,17.4
2023-07-07T19:20:00-04:00,,34,88,979.79,,11.7,6.67,17.2,17.2
2023-07-07T19:30:00-04:00,,32,90,979.85,,11.2,7.07,16.8,16.8
2023-07-07T19:40:00-04:00,,31,91,979.95,,11.1,5.65,16.2,16.2
2023-07-07T19:50:00-04:00,,31,90,980,,11.1,5.94,16.3,16.3
2023-07-07T20:00:00-04:00,,33,88,980.09,,10.8,7.54,16.1,16.1
2023-07-07T20:10:00-04:00,,36,85,980.06,,10.7,8.9,16.3,16.3
2023-07-07T20:20:00-04:00,,38,83,980.11,,10.9,7.8,16.3,16.3
2023-07-07T20:30:00-04:00,,41,81,980.21,,10.7,7.1,16,16
2023-07-07T20:40:00-04:00,,43,80,980.28,,10.8,7.02,15.9,15.9
2023-07-07T20:50:00-04:00,,44,80,980.37,,11,6.61,16.2,16.2
2023-07-07T21:00:00-04:00,,45,79,980.43,,11.2,7.54,16.7,16.7
2023-07-07T21:10:00-04:00,,46,78,980.42,,10.8,8.7,16.2,16.2
2023-07-07T21:20:00-04:00,,46,78,980.53,,10,6.41,14.6,14.6
2023-07-07T21:30:00-04:00,,47,78,980.79,,9.8,7.07,14.6,14.6
2023-07-07T21:40:00-04:00,,47,78,980.88,,10,6.84,14.7,14.7
2023-07-07T21:50:00-04:00,,48,77,981.08,,10.1,7.79,15,15
2023-07-07T22:00:00-04:00,,50,77,981.15,,10.4,6.94,15.1,15.1
2023-07-07T22:10:00-04:00,,55,76,981.42,,10.5,5.83,15.5,15.5
2023-07-07T22:20:00-04:00,,56,76,981.38,,9.8,7.79,14.8,14.8
2023-07-07T22:30:00-04:00,,58,75,981.37,,9.6,6.61,14.4,14.4
2023-07-07T22:40:00-04:00,,59,74,981.44,,9.8,6.28,14.6,14.6
2023-07-07T22:50:00-04:00,,61,73,981.45,,9.6,6.77,14.2,14.2
2023-07-07T23:00:00-04:00,,61,73,981.15,,9.6,5.24,14.2,14.2
2023-07-07T23:10:00-04:00,,62,72,980.99,,9.5,6,14.2,14.2
2023-07-07T23:20:00-04:00,,64,71,980.9,,9.9,6.52,14.5,14.5
2023-07-07T23:30:00-04:00,,65,71,980.77,,10.1,5.28,15,15
2023-07-07T23:40:00-04:00,,64,71,980.77,,9.5,5.38,14.1,14.1
2023-07-07T23:50:00-04:00,,65,71,980.77,,9.3,7.81,14.3,14.3
2023-07-08T00:00:00-04:00,,65,70,980.83,,10.1,7.9,15.9,15.9
2023-07-08T00:10:00-04:00,,66,70,980.82,,10.6,8.55,16.3,16.3
2023-07-08T00:20:00-04:00,,66,70,980.83,,10.2,7.6,15.5,15.5
2023-07-08T00:30:00-04:00,,67,70,980.74,,10.1,7.33,15,15
2023-07-08T00:40:00-04:00,,67,70,980.73,,10,6.03,14.6,14.6
2023-07-08T00:50:00-04:00,,68,69,980.86,,9.9,7.6,14.7,14.7
2023-07-08T01:00:00-04:00,,67,69,980.94,,9.9,7.25,14.9,14.9
2023-07-08T01:10:00-04:00,,67,70,980.92,,10.1,7.01,14.7,14.7
2023-07-08T01:20:00-04:00,,66,70,980.9,,9.7,7.52,14.4,14.4
2023-07-08T01:30:00-04:00,,66,70,980.76,,9.6,6.86,14.1,14.1
2023-07-08T01:40:00-04:00,,65,70,980.73,,9.8,7.12,14.5,14.5
2023-07-08T01:50:00-04:00,,66,70,980.73,,10.6,6.48,15.4,15.4
2023-07-08T02:00:00-04:00,,66,70,980.67,,10.5,7.72,15.2,15.2
2023-07-08T02:10:00-04:00,,67,69,980.67,,10.8,7.73,15.4,15.4
2023-07-08T02:20:00-04:00,,67,69,980.5,,10.6,6.32,15.8,15.8
2023-07-08T02:30:00-04:00,,68,68,980.52,,10.4,6.47,15.3,15.3
2023-07-08T02:40:00-04:00,,68,68,980.55,,10.5,8.93,15.7,15.7
2023-07-08T02:50:00-04:00,,68,68,980.53,,10.3,8.1,15.6,15.6
2023-07-08T03:00:00-04:00,,67,68,980.41,,10.2,7.56,15.1,15.1
2023-07-08T03:10:00-04:00,,67,68,980.29,,10,6.7,14.8,14.8
2023-07-08T03:20:00-04:00,,67,68,980.33,,10,7.94,14.9,14.9
2023-07-08T03:30:00-04:00,,67,67,980.31,,9.9,6.64,14.6,14.6
2023-07-08T03:40:00-04:00,,67,67,980.32,,10,7.78,15.1,15.1
2023-07-08T03:50:00-04:00,,67,67,980.29,,10.3,8.78,15.8,15.8
2023-07-08T04:00:00-04:00,,67,67,980.31,,10.5,7.2,15.3,15.3
2023-07-08T04:10:00-04:00,,67,67,980.27,,10.4,9.83,15.6,15.6
2023-07-08T04:20:00-04:00,,66,67,980.26,,10.2,7.75,15.2,15.2
2023-07-08T04:30:00-04:00,,65,67,980.16,,9.9,7.15,14.7,14.7
2023-07-08T04:40:00-04:00,,65,67,980.16,,9.6,7.05,14.2,14.2
2023-07-08T04:50:00-04:00,,65,67,980.28,,9.5,7.1,14.4,14.4
2023-07-08T05:00:00-04:00,,65,67,980.31,,9.4,7.26,13.9,13.9
2023-07-08T05:10:00-04:00,,64,67,980.36,,8.9,7.83,13.4,13.4
2023-07-08T05:20:00-04:00,,63,67,980.22,,9.2,5.82,13.4,13.4
2023-07-08T05:30:00-04:00,,64,67,980.06,,9.1,6.93,13.5,13.5
2023-07-08T05:40:00-04:00,,64,67,980.2,,17.2,19.5,25.8,27.3
2023-07-08T05:50:00-04:00,,64,67,980.39,,13.6,14.36,21.2,21.2
2023-07-08T06:00:00-04:00,,64,67,980.13,,12,13.21,19,19
2023-07-08T06:10:00-04:00,,62,67,980.13,,10.2,9.4,15.8,15.8
2023-07-08T06:20:00-04:00,,63,67,980.18,,9.6,8.02,14.7,14.7
2023-07-08T06:30:00-04:00,,62,67,980.3,,9.8,8.23,14.5,14.5
2023-07-08T06:40:00-04:00,,63,67,980.39,,10.1,9.24,15.4,15.4
2023-07-08T06:50:00-04:00,,62,67,980.46,,8.9,5.6,13.2,13.2
2023-07-08T07:00:00-04:00,,61,68,980.5,,8.6,6.93,13,13
2023-07-08T07:10:00-04:00,,61,68,980.49,,9.2,7.41,13.9,13.9
2023-07-08T07:20:00-04:00,,61,68,980.6,,9.9,7.27,14.6,14.6
2023-07-08T07:30:00-04:00,,61,68,980.77,,9.9,6.41,14.9,14.9
2023-07-08T07:40:00-04:00,,59,69,980.88,,8.6,6.5,12.9,12.9
2023-07-08T07:50:00-04:00,,59,69,981.04,,8.7,5.89,12.3,12.3
2023-07-08T08:00:00-04:00,,57,69,981.15,,8.2,5.69,11.5,11.5
2023-07-08T08:10:00-04:00,,56,69,981.1,,7.8,3.82,10.9,10.9
2023-07-08T08:20:00-04:00,,58,69,981.06,,7.6,3.59,10.5,10.5
2023-07-08T08:30:00-04:00,,57,69,981.1,,7.2,4.06,10.2,10.2
2023-07-08T08:40:00-04:00,,57,70,981.03,,7.3,4.22,10.4,10.4
2023-07-08T08:50:00-04:00,,55,70,980.9,,8.1,3.67,10.8,10.8
2023-07-08T09:00:00-04:00,,54,71,980.92,,6.8,3.01,9.3,9.3
2023-07-08T09:10:00-04:00,,52,72,980.82,,5.9,3.52,8.2,8.2
2023-07-08T09:20:00-04:00,,49,73,980.79,,5.5,3.45,7.5,7.5
2023-07-08T09:30:00-04:00,,48,73,980.81,,5,2.13,6.6,6.6
2023-07-08T09:40:00-04:00,,46,74,980.85,,4.6,2.37,6.1,6.1
2023-07-08T09:50:00-04:00,,45,75,980.71,,4.5,2.78,5.8,5.8
2023-07-08T10:00:00-04:00,,42,76,980.65,,4.5,2.52,5.8,5.8
2023-07-08T10:10:00-04:00,,42,77,980.63,,4.3,1.93,5.7,5.7
2023-07-08T10:20:00-04:00,,40,77,980.52,,4.3,2.37,5.7,5.7
2023-07-08T10:30:00-04:00,,41,77,980.35,,4.4,2.11,5.7,5.7
2023-07-08T10:40:00-04:00,,41,78,980.34,,4.3,1.96,5.6,5.6
2023-07-08T10:50:00-04:00,,40,78,980.28,,4,1.86,5.1,5.1
2023-07-08T11:00:00-04:00,,39,79,980.27,,4,1.55,4.9,4.9
2023-07-08T11:10:00-04:00,,38,80,980.36,,3.8,1.75,4.8,4.8
2023-07-08T11:20:00-04:00,,37,81,980.27,,3.8,2.23,4.8,4.8
2023-07-08T11:30:00-04:00,,35,82,980.12,,3.7,1.75,4.6,4.6
2023-07-08T11:40:00-04:00,,34,82,980.06,,3.7,1.37,4.6,4.6
2023-07-08T11:50:00-04:00,,36,83,979.85,,3.8,1.52,4.7,4.7
2023-07-08T12:00:00-04:00,,34,83,979.8,,3.8,1.46,4.6,4.6
2023-07-08T12:10:00-04:00,,34,84,979.89,,3.6,1.61,4.5,4.5
2023-07-08T12:20:00-04:00,,32,84,979.85,,3.4,1.41,4.2,4.2
2023-07-08T12:30:00-04:00,,32,85,979.75,,3.5,1.51,4.3,4.3
2023-07-08T12:40:00-04:00,,31,85,979.64,,3.5,1.57,4.4,4.4
2023-07-08T12:50:00-04:00,,31,86,979.46,,3.5,1.03,4.2,4.2
2023-07-08T13:00:00-04:00,,29,86,979.33,,4.8,2.33,6.4,6.4
2023-07-08T13:10:00-04:00,,29,86,979.22,,5.4,4.18,7.3,7.4
2023-07-08T13:20:00-04:00,,29,86,979.19,,3.9,1.62,4.9,4.9
2023-07-08T13:30:00-04:00,,30,86,979.11,,3.9,1.7,4.8,4.8
2023-07-08T13:40:00-04:00,,32,87,979.13,,4.1,2.21,5.2,5.2
2023-07-08T13:50:00-04:00,,30,89,979.15,,3.9,1.84,5.2,5.2
2023-07-08T14:00:00-04:00,,28,89,979.17,,4.5,2.18,6,6
2023-07-08T14:10:00-04:00,,29,90,979.07,,4.5,1.64,5.9,5.9
2023-07-08T14:20:00-04:00,,26,90,978.86,,4.7,2.14,6.2,6.2
2023-07-08T14:30:00-04:00,,26,90,978.84,,4.8,2.05,6.6,6.6
2023-07-08T14:40:00-04:00,,25,90,978.86,,5.1,2.15,7.1,7.1
2023-07-08T14:50:00-04:00,,25,90,978.86,,5,2.54,7,7
2023-07-08T15:00:00-04:00,,27,90,978.73,,5.4,2.56,7.4,7.4
2023-07-08T15:10:00-04:00,,26,90,978.66,,5.7,2.36,7.6,7.6
2023-07-08T15:20:00-04:00,,27,90,978.67,,5.5,1.79,7.4,7.4
2023-07-08T15:30:00-04:00,,27,89,978.75,,5.4,2.19,7.4,7.4
2023-07-08T15:40:00-04:00,,26,89,978.68,,6,3.66,8.5,8.5
2023-07-08T15:50:00-04:00,,25,90,978.59,,6,2.86,8.3,8.3
2023-07-08T16:00:00-04:00,,25,90,978.59,,5.4,2.88,7.5,7.5
2023-07-08T16:10:00-04:00,,27,89,978.64,,5.7,2.54,7.8,7.8
2023-07-08T16:20:00-04:00,,29,87,978.65,,5.8,2.51,7.9,7.9
2023-07-08T16:30:00-04:00,,30,86,978.61,,5.7,2.8,7.9,7.9
2023-07-08T16:40:00-04:00,,31,85,978.56,,5.9,3.14,8.2,8.2
2023-07-08T16:50:00-04:00,,31,84,978.46,,6.1,3.4,8.7,8.7
2023-07-08T17:00:00-04:00,,32,83,978.33,,6.4,4.09,9.2,9.2
2023-07-08T17:10:00-04:00,,33,82,978.32,,6.5,3.31,9.4,9.4
2023-07-08T17:20:00-04:00,,34,81,978.24,,6.5,3.49,9.3,9.3
2023-07-08T17:30:00-04:00,,35,81,978.2,,6.2,3.23,8.8,8.8
2023-07-08T17:40:00-04:00,,35,81,978.14,,6.3,3.2,8.9,8.9
2023-07-08T17:50:00-04:00,,37,80,978.11,,6.2,4.01,8.9,8.9
2023-07-08T18:00:00-04:00,,38,80,978.15,,5.7,2.7,8.1,8.1
2023-07-08T18:10:00-04:00,,39,80,978.25,,5.5,2.69,7.6,7.6
2023-07-08T18:20:00-04:00,,39,79,978.22,,5.2,3.05,7.4,7.4
2023-07-08T18:30:00-04:00,,40,79,978.12,,5.4,3.21,7.5,7.5
2023-07-08T18:40:00-04:00,,40,78,978.11,,6.1,3.16,8.8,8.8
2023-07-08T18:50:00-04:00,,40,78,978.23,,5.5,2.66,7.8,7.8
2023-07-08T19:00:00-04:00,,40,78,978.15,,5.9,3.7,8.5,8.5
2023-07-08T19:10:00-04:00,,39,78,978.06,,5.4,3.06,7.6,7.6
2023-07-08T19:20:00-04:00,,40,77,978.02,,5.4,2.85,7.3,7.3
2023-07-08T19:30:00-04:00,,43,77,978.13,,5.2,2.47,7.1,7.1
2023-07-08T19:40:00-04:00,,45,77,978.21,,5.6,2.66,7.9,7.9
2023-07-08T19:50:00-04:00,,48,76,978.3,,5.8,3.14,8.3,8.3
2023-07-08T20:00:00-04:00,,50,75,978.39,,6.1,2.78,8.8,8.8
2023-07-08T20:10:00-04:00,,50,75,978.45,,6.1,3.38,8.6,8.6
2023-07-08T20:20:00-04:00,,50,75,978.55,,6,2.71,8.5,8.5
2023-07-08T20:30:00-04:00,,55,74,978.66,,6,3.05,8.4,8.4
2023-07-08T20:40:00-04:00,,58,72,978.7,,5.6,2.5,7.9,7.9
2023-07-08T20:50:00-04:00,,60,72,978.63,,5.7,2.76,8,8
2023-07-08T21:00:00-04:00,,61,72,978.54,,5.8,2.96,8.2,8.2
2023-07-08T21:10:00-04:00,,62,72,978.57,,5.9,3.23,8.4,8.4
2023-07-08T21:20:00-04:00,,61,72,978.64,,5.9,3.3,8.4,8.4
2023-07-08T21:30:00-04:00,,54,72,978.68,,5.1,2.65,7,7
2023-07-08T21:40:00-04:00,,53,71,978.71,,5.1,2.73,7,7
2023-07-08T21:50:00-04:00,,53,71,978.8,,5.2,2.22,7,7
2023-07-08T22:00:00-04:00,,55,71,978.89,,5,3.97,7.1,7.1
2023-07-08T22:10:00-04:00,,56,71,978.97,,4.7,2.66,6.2,6.2
2023-07-08T22:20:00-04:00,,58,70,978.99,,4.3,2.49,5.7,5.7
2023-07-08T22:30:00-04:00,,60,69,979.05,,4.3,2.6,5.3,5.3
2023-07-08T22:40:00-04:00,,61,69,979.09,,4.3,2.64,5.7,5.7
2023-07-08T22:50:00-04:00,,62,69,979.08,,4.2,2.68,5.5,5.5
2023-07-08T23:00:00-04:00,,63,69,979.06,,4.2,2.72,5.5,5.5
2023-07-08T23:10:00-04:00,,63,69,979.03,,4.1,1.88,5.1,5.1
2023-07-08T23:20:00-04:00,,63,69,979.08,,4,2.41,5,5
2023-07-08T23:30:00-04:00,,63,69,979.28,,4,2.51,5.2,5.2
2023-07-08T23:40:00-04:00,,63,69,979.36,,4.1,2.52,5.1,5.1
2023-07-08T23:50:00-04:00,,65,69,979.45,,4.2,2.76,5.2,5.2
2023-07-09T00:00:00-04:00,,66,69,979.51,,4.3,2.34,5.7,5.7
2023-07-09T00:10:00-04:00,,66,69,979.46,,4.2,2.3,5.4,5.4
2023-07-09T00:20:00-04:00,,67,68,979.46,,4.3,2.3,5.6,5.6
2023-07-09T00:30:00-04:00,,68,68,979.54,,4.5,3.2,6.1,6.1
2023-07-09T00:40:00-04:00,,68,68,979.57,,4.4,2.89,5.9,5.9
2023-07-09T00:50:00-04:00,,68,68,979.39,,4.6,2.21,6,6
2023-07-09T01:00:00-04:00,,68,68,979.39,,4.8,2.98,6.2,6.2
2023-07-09T01:10:00-04:00,,69,68,979.41,,4.9,2.68,6.7,6.7
2023-07-09T01:20:00-04:00,,69,68,979.36,,4.7,3.07,6.5,6.5
2023-07-09T01:30:00-04:00,,69,68,979.26,,5.2,4.04,7.1,7.1
2023-07-09T01:40:00-04:00,,69,68,979.11,,5.1,3.48,7,7
2023-07-09T01:50:00-04:00,,69,68,979.13,,5,3.08,6.9,6.9
2023-07-09T02:00:00-04:00,,69,68,979.03,,5.3,3.23,7.1,7.1
2023-07-09T02:10:00-04:00,,69,68,978.98,,5,3.16,7,7
2023-07-09T02:20:00-04:00,,70,68,978.99,,5,2.61,6.7,6.7
2023-07-09T02:30:00-04:00,,69,68,978.99,,5.1,2.28,6.6,6.6
2023-07-09T02:40:00-04:00,,68,67,978.95,,4.9,2.28,6.3,6.3
2023-07-09T02:50:00-04:00,,68,67,979.02,,5,2.14,6.5,6.5
2023-07-09T03:00:00-04:00,,69,68,979.09,,4.9,2.06,6.4,6.4
2023-07-09T03:10:00-04:00,,69,67,979.09,,4.7,2.41,6.1,6.1
2023-07-09T03:20:00-04:00,,68,67,979.06,,4.6,2.38,5.8,5.8
2023-07-09T03:30:00-04:00,,68,67,979.05,,4.5,2.19,5.8,5.8
2023-07-09T03:40:00-04:00,,68,67,978.97,,4.7,2.38,6.2,6.2
2023-07-09T03:50:00-04:00,,68,67,979,,4.5,3.51,6,6
2023-07-09T04:00:00-04:00,,68,67,978.45,,4.6,3.1,6.2,6.2
2023-07-09T04:10:00-04:00,,68,67,978.83,,4.5,3.99,6,6
2023-07-09T04:20:00-04:00,,68,67,978.89,,4.6,3.37,6.3,6.3
2023-07-09T04:30:00-04:00,,68,67,978.93,,4.7,2.44,6,6
2023-07-09T04:40:00-04:00,,67,66,979.03,,4.7,3.75,6.3,6.3
2023-07-09T04:50:00-04:00,,68,66,979.08,,5,2.45,6.2,6.2
2023-07-09T05:00:00-04:00,,68,65,978.63,,5.1,2.47,6.6,6.6
2023-07-09T05:10:00-04:00,,69,64,978.37,,5.1,4.07,6.7,6.7
2023-07-09T05:20:00-04:00,,68,65,978.98,,4.8,2.81,6.4,6.4
2023-07-09T05:30:00-04:00,,69,65,978.75,,4.9,2.81,6.6,6.6
2023-07-09T05:40:00-04:00,,69,64,979.15,,5,2.86,6.8,6.8
2023-07-09T05:50:00-04:00,,69,64,979.23,,4.8,2.26,6.3,6.3
2023-07-09T06:00:00-04:00,,70,64,979.3,,4.7,3.68,6.5,6.5
2023-07-09T06:10:00-04:00,,70,64,979.33,,4.7,3.38,6.5,6.5
2023-07-09T06:20:00-04:00,,70,64,979.37,,5,3.01,6.5,6.5
2023-07-09T06:30:00-04:00,,70,64,979.34,,5,3.56,6.9,6.9
2023-07-09T06:40:00-04:00,,69,64,979.39,,5.1,2.47,6.8,6.8
2023-07-09T06:50:00-04:00,,70,65,979.21,,5,2.92,6.8,6.8
2023-07-09T07:00:00-04:00,,69,65,979.12,,4.9,3.31,6.7,6.7
2023-07-09T07:10:00-04:00,,69,65,979.39,,5.3,3.67,7.5,7.5
2023-07-09T07:20:00-04:00,,69,65,979.03,,6,3.46,8.1,8.1
2023-07-09T07:30:00-04:00,,69,66,979.36,,5.9,4.16,8.1,8.1
2023-07-09T07:40:00-04:00,,69,66,979.42,,6,3.35,8,8
2023-07-09T07:50:00-04:00,,68,66,979.4,,5.9,2.8,7.8,7.8
2023-07-09T08:00:00-04:00,,66,67,979.37,,5.3,2.91,7.1,7.1
2023-07-09T08:10:00-04:00,,66,67,979.34,,5.4,3.07,7.5,7.5
2023-07-09T08:20:00-04:00,,64,68,979.39,,5.3,2.52,7.2,7.2
2023-07-09T08:30:00-04:00,,63,68,979.41,,5.2,3,7.1,7.1
2023-07-09T08:40:00-04:00,,62,69,979.32,,6.5,2.5,8.3,8.3
2023-07-09T08:50:00-04:00,,61,69,979.34,,5.9,1.96,7.4,7.4
2023-07-09T09:00:00-04:00,,60,70,979.39,,5.4,3.11,7.4,7.4
2023-07-09T09:10:00-04:00,,59,71,979.39,,5.2,2.32,7,7
2023-07-09T09:20:00-04:00,,57,71,979.43,,5,2.85,6.7,6.7
2023-07-09T09:30:00-04:00,,57,72,979.36,,5.2,2.25,7,7
2023-07-09T09:40:00-04:00,,56,73,979.26,,5.1,2.31,7,7
2023-07-09T09:50:00-04:00,,54,73,979.13,,5.2,1.96,6.7,6.7
2023-07-09T10:00:00-04:00,,50,74,979.16,,5.3,2.27,6.5,6.5
2023-07-09T10:10:00-04:00,,48,75,979.11,,6.8,2.08,7.9,7.9
2023-07-09T10:20:00-04:00,,47,76,978.98,,5.6,2.15,7.4,7.4
2023-07-09T10:30:00-04:00,,46,76,978.86,,5.4,2.26,7.4,7.4
2023-07-09T10:40:00-04:00,,44,76,978.53,,5.4,1.77,7.5,7.5
2023-07-09T10:50:00-04:00,,42,77,978.88,,4,2.72,5.2,5.2
2023-07-09T11:00:00-04:00,,41,78,978.95,,3.6,1.98,4.3,4.3
2023-07-09T11:10:00-04:00,,40,78,979,,3.6,2.12,4.4,4.4
2023-07-09T11:20:00-04:00,,40,79,978.89,,3.7,1.42,4.3,4.3
2023-07-09T11:30:00-04:00,,38,80,979.01,,3.6,1.92,4.3,4.3
2023-07-09T11:40:00-04:00,,38,80,979.11,,3.5,2.14,4,4
2023-07-09T11:50:00-04:00,,38,80,978.87,,3.4,1.64,4.1,4.1
2023-07-09T12:00:00-04:00,,38,81,979.05,,3.7,1.5,4.3,4.3
2023-07-09T12:10:00-04:00,,38,82,979.1,,4.2,2.24,5.2,5.2
2023-07-09T12:20:00-04:00,,38,83,978.98,,3.9,2.28,4.7,4.7
2023-07-09T12:30:00-04:00,,35,84,978.91,,3.3,1.63,3.7,3.7
2023-07-09T12:40:00-04:00,,33,84,978.89,,3.1,1.85,3.5,3.5
2023-07-09T12:50:00-04:00,,33,84,978.94,,3.1,1.53,3.3,3.3
2023-07-09T13:00:00-04:00,,33,85,978.88,,3.4,1.34,3.9,3.9
2023-07-09T13:10:00-04:00,,32,85,978.88,,3.2,1.6,3.7,3.7
2023-07-09T13:20:00-04:00,,33,86,978.88,,3.6,1.05,4.2,4.2
2023-07-09T13:30:00-04:00,,32,87,978.82,,3.9,1.42,4.6,4.6
2023-07-09T13:40:00-04:00,,29,86,978.69,,4.1,2.37,5.3,5.3
2023-07-09T13:50:00-04:00,,30,87,978.53,,4.5,4.58,5.9,6.1
2023-07-09T14:00:00-04:00,,30,88,978.42,,6.1,10.05,8.7,8.8
2023-07-09T14:10:00-04:00,,29,88,978.36,,3.7,1.56,4.4,4.4
2023-07-09T14:20:00-04:00,,30,88,978.45,,3.9,1.66,4.9,4.9
2023-07-09T14:30:00-04:00,,31,87,978.46,,4,1.84,5.2,5.2
2023-07-09T14:40:00-04:00,,30,87,978.46,,4.2,1.57,5.3,5.3
2023-07-09T14:50:00-04:00,,32,84,978.34,,4.3,2.11,5.8,5.8
2023-07-09T15:00:00-04:00,,34,84,978.31,,5.1,4.03,6.8,6.8
2023-07-09T15:10:00-04:00,,32,87,978.23,,4.9,4.11,6.5,6.5
2023-07-09T15:20:00-04:00,,31,87,978.14,,4.2,1.64,5.3,5.3
2023-07-09T15:30:00-04:00,,32,86,978.08,,5,6.99,7.3,7.3
2023-07-09T15:40:00-04:00,,33,89,977.81,,4.7,2.18,5.9,5.9
2023-07-09T15:50:00-04:00,,31,90,977.83,,4.4,1.74,5.7,5.7
2023-07-09T16:00:00-04:00,,31,91,977.73,,4.6,2.18,5.8,5.8
2023-07-09T16:10:00-04:00,,29,91,977.67,,4.6,1.8,5.9,5.9
2023-07-09T16:20:00-04:00,,29,91,977.59,,4.2,1.78,5.4,5.4
2023-07-09T16:30:00-04:00,,29,93,977.47,,4.2,1.88,5.2,5.2
2023-07-09T16:40:00-04:00,,25,93,977.53,,3.9,1.72,4.7,4.7
2023-07-09T16:50:00-04:00,,22,92,977.62,,3.2,1.86,3.6,3.6
2023-07-09T17:00:00-04:00,,22,93,977.61,,3.7,2.47,4.3,4.3
2023-07-09T17:10:00-04:00,,22,93,977.54,,3.6,2.22,4.2,4.2
2023-07-09T17:20:00-04:00,,23,92,977.47,,3.4,1.56,3.9,3.9
2023-07-09T17:30:00-04:00,,22,93,977.49,,3.6,1.45,4.1,4.1
2023-07-09T17:40:00-04:00,,22,92,977.45,,3,1.66,3.5,3.5
2023-07-09T17:50:00-04:00,,22,93,977.43,,3.3,1.8,3.5,3.5
2023-07-09T18:00:00-04:00,,21,93,977.45,,3.8,1.94,4.4,4.4
2023-07-09T18:10:00-04:00,,21,93,977.38,,4,1.54,4.8,4.8
2023-07-09T18:20:00-04:00,,21,92,977.37,,4.3,2.67,5.4,5.4
2023-07-09T18:30:00-04:00,,21,90,977.41,,4.7,2.58,5.8,5.8
2023-07-09T18:40:00-04:00,,20,90,977.33,,5.9,4.88,8.1,8.1
2023-07-09T18:50:00-04:00,,20,90,977.34,,8.8,7.64,12.7,12.7
2023-07-09T19:00:00-04:00,,20,90,977.46,,10.9,10.37,16.5,16.5
2023-07-09T19:10:00-04:00,,19,90,977.56,,11.5,9.85,16.9,16.9
2023-07-09T19:20:00-04:00,,18,90,977.69,,11.9,11.85,17.7,17.7
2023-07-09T19:30:00-04:00,,18,88,977.76,,12.9,12.76,19.3,19.3
2023-07-09T19:40:00-04:00,,19,87,977.88,,13,14.47,19.6,19.6
2023-07-09T19:50:00-04:00,,19,86,977.96,,12.9,13.63,19.7,19.7
2023-07-09T20:00:00-04:00,,20,85,978.02,,13.8,14.81,21.1,21.1
2023-07-09T20:10:00-04:00,,22,82,978.09,,14.2,14.64,21.6,21.6
2023-07-09T20:20:00-04:00,,24,80,978.17,,14.5,15.76,21.9,21.9
2023-07-09T20:30:00-04:00,,26,78,978.22,,14.7,20.36,23.1,23.1
2023-07-09T20:40:00-04:00,,27,77,978.22,,14.9,20.94,23.4,23.5
2023-07-09T20:50:00-04:00,,28,76,978.23,,14.9,17.9,23.2,23.2
2023-07-09T21:00:00-04:00,,29,75,978.27,,15.2,19.46,23.9,23.9
2023-07-09T21:10:00-04:00,,29,74,978.35,,15.4,19.66,24,24
2023-07-09T21:20:00-04:00,,30,73,978.38,,15.6,20.6,24.4,24.4
2023-07-09T21:30:00-04:00,,31,73,978.44,,15.4,20.07,23.7,23.7
2023-07-09T21:40:00-04:00,,32,73,978.46,,15.6,20.24,24.6,24.6
2023-07-09T21:50:00-04:00,,33,72,978.63,,15.4,20.88,24.4,24.4
2023-07-09T22:00:00-04:00,,34,72,978.71,,15.5,20.27,24.3,24.3
2023-07-09T22:10:00-04:00,,35,72,978.67,,15.3,23.1,24.5,24.5
2023-07-09T22:20:00-04:00,,37,71,978.71,,15.4,22.78,24.4,24.4
2023-07-09T22:30:00-04:00,,39,71,978.73,,15.4,23.92,24.8,24.8
2023-07-09T22:40:00-04:00,,40,70,978.73,,15.7,22.86,24.6,24.6
2023-07-09T22:50:00-04:00,,41,70,978.75,,15.7,21.97,24.6,24.7
2023-07-09T23:00:00-04:00,,43,69,978.89,,15.7,20.13,24.3,24.3
2023-07-09T23:10:00-04:00,,42,68,978.97,,15.2,22.49,23.9,23.9
2023-07-09T23:20:00-04:00,,40,68,978.97,,14.2,21.95,22.6,22.6
2023-07-09T23:30:00-04:00,,39,68,978.99,,13.9,18.27,21.6,21.6
2023-07-09T23:40:00-04:00,,40,68,979.06,,13.2,17.54,20.3,20.3
2023-07-09T23:50:00-04:00,,40,68,979.04,,13,18.4,20.4,20.4
2023-07-10T00:00:00-04:00,,40,68,979.04,,12.8,18.93,20.1,20.1
2023-07-10T00:10:00-04:00,,41,68,979.06,,12.7,18.56,20.3,20.3
2023-07-10T00:20:00-04:00,,41,67,979.15,,12.6,16.55,19.3,19.3
2023-07-10T00:30:00-04:00,,41,67,979.19,,12.3,15.33,19.1,19.1
2023-07-10T00:40:00-04:00,,43,67,979.13,,12.4,18.63,19.4,19.4
2023-07-10T00:50:00-04:00,,46,66,979.27,,12.1,17.95,19,19
2023-07-10T01:00:00-04:00,,45,66,979.11,,11.7,17.79,18.4,18.4
2023-07-10T01:10:00-04:00,,45,66,978.9,,11.4,16.37,18.1,18.1
2023-07-10T01:20:00-04:00,,45,66,978.78,,11.4,15.57,17.6,17.6
2023-07-10T01:30:00-04:00,,46,66,978.63,,11.4,19.34,18.4,18.4
2023-07-10T01:40:00-04:00,,46,66,978.45,,11.4,16.69,17.9,17.9
2023-07-10T01:50:00-04:00,,47,65,978.48,,11.1,17.23,17.7,17.7
2023-07-10T02:00:00-04:00,,48,65,978.48,,11.1,15.76,17.5,17.5
2023-07-10T02:10:00-04:00,,49,65,978.51,,11,17.4,17.6,17.6
2023-07-10T02:20:00-04:00,,50,64,978.52,,10.7,15.86,17,17
2023-07-10T02:30:00-04:00,,51,64,978.48,,10.5,12.86,16.3,16.3
2023-07-10T02:40:00-04:00,,51,65,978.24,,10.9,12.93,16.7,16.7
2023-07-10T02:50:00-04:00,,52,64,978.21,,10.8,15.26,17,17
2023-07-10T03:00:00-04:00,,54,64,978.12,,10.9,15,17,17
2023-07-10T03:10:00-04:00,,55,63,978.2,,10.8,14.84,16.9,16.9
2023-07-10T03:20:00-04:00,,56,63,978.21,,10.2,12,15.5,15.5
2023-07-10T03:30:00-04:00,,57,63,978.44,,9.9,11.57,15,15
2023-07-10T03:40:00-04:00,,57,64,978.45,,9.6,10.1,14.1,14.1
2023-07-10T03:50:00-04:00,,57,64,978.44,,9.7,11.71,14.7,14.7
2023-07-10T04:00:00-04:00,,57,64,978.44,,9.4,9.84,14.1,14.1
2023-07-10T04:10:00-04:00,,57,64,978.45,,9.5,11.93,14.4,14.4
2023-07-10T04:20:00-04:00,,57,64,978.55,,9,10.95,14,14
2023-07-10T04:30:00-04:00,,57,63,978.58,,9.9,11.92,15.1,15.1
2023-07-10T04:40:00-04:00,,59,62,978.6,,10.4,13.61,16.1,16.1
2023-07-10T04:50:00-04:00,,60,61,978.61,,10.8,13.61,16.6,16.6
2023-07-10T05:00:00-04:00,,61,61,978.54,,10.9,13.86,16.9,16.9
2023-07-10T05:10:00-04:00,,62,61,978.6,,11.1,14.33,17.1,17.1
2023-07-10T05:20:00-04:00,,64,61,978.62,,10.5,13.43,16.2,16.2
2023-07-10T05:30:00-04:00,,63,61,978.57,,9.6,11.71,14.8,14.8
2023-07-10T05:40:00-04:00,,63,62,978.45,,9.3,11.23,14.3,14.3
2023-07-10T05:50:00-04:00,,63,62,978.36,,8.9,8.9,13.3,13.3
2023-07-10T06:00:00-04:00,,63,62,978.39,,9.1,9.76,13.4,13.4
2023-07-10T06:10:00-04:00,,64,62,978.53,,8.9,10.2,13.5,13.5
2023-07-10T06:20:00-04:00,,63,62,978.62,,9,11.06,13.6,13.6
2023-07-10T06:30:00-04:00,,63,62,978.6,,11.8,15,18.2,18.2
2023-07-10T06:40:00-04:00,,63,62,978.56,,13,17.97,20.5,20.5
2023-07-10T06:50:00-04:00,,63,63,978.43,,11.1,13.58,17.1,17.1
2023-07-10T07:00:00-04:00,,63,64,978.41,,9.7,10.08,15,15
2023-07-10T07:10:00-04:00,,63,64,978.43,,9.5,11.39,14.5,14.5
2023-07-10T07:20:00-04:00,,62,65,978.36,,9.2,10.62,14,14
2023-07-10T07:30:00-04:00,,62,65,978.38,,9,11.18,13.9,13.9
2023-07-10T07:40:00-04:00,,60,66,978.34,,9.7,10.4,14.6,14.6
2023-07-10T07:50:00-04:00,,59,66,978.38,,10,12.3,15.8,15.8
2023-07-10T08:00:00-04:00,,59,67,978.26,,10,11.82,15.4,15.4
2023-07-10T08:10:00-04:00,,58,67,978.11,,10.1,8.58,15.2,15.2
2023-07-10T08:20:00-04:00,,58,67,978.11,,9.1,10.07,13.6,13.6
2023-07-10T08:30:00-04:00,,58,68,978.23,,8.1,6.6,12.1,12.1
2023-07-10T08:40:00-04:00,,57,68,978.27,,8.1,8.96,12.2,12.2
2023-07-10T08:50:00-04:00,,57,69,978.22,,7.6,5.42,11.1,11.1
2023-07-10T09:00:00-04:00,,56,70,978.19,,7.7,5.17,11,11
2023-07-10T09:10:00-04:00,,55,71,978.21,,6.9,4.71,9.9,9.9
2023-07-10T09:20:00-04:00,,53,72,978.08,,6.8,5.28,9.6,9.6
2023-07-10T09:30:00-04:00,,52,73,978.09,,6.5,4.32,9.4,9.4
2023-07-10T09:40:00-04:00,,51,75,978.06,,6.5,5.1,9.5,9.5
2023-07-10T09:50:00-04:00,,49,76,977.94,,5.9,5.19,8.7,8.7
2023-07-10T10:00:00-04:00,,46,76,977.86,,6.1,4.44,8.9,8.9
2023-07-10T10:10:00-04:00,,46,77,977.92,,6.3,3.96,8.8,8.8
2023-07-10T10:20:00-04:00,,45,78,977.96,,6.5,2.9,9,9
2023-07-10T10:30:00-04:00,,44,79,977.98,,6.8,3.73,9.4,9.4
2023-07-10T10:40:00-04:00,,44,79,977.92,,7,4.21,9.9,9.9
2023-07-10T10:50:00-04:00,,43,80,977.8,,7.2,4.06,10.5,10.5
2023-07-10T11:00:00-04:00,,42,80,977.82,,7.5,6.09,11,11
2023-07-10T11:10:00-04:00,,41,80,977.69,,8.8,7.85,13.2,13.2
2023-07-10T11:20:00-04:00,,40,81,977.66,,9,7.18,13.4,13.4
2023-07-10T11:30:00-04:00,,40,81,977.58,,9.5,9.08,14.3,14.3
2023-07-10T11:40:00-04:00,,39,81,977.64,,9.3,7.32,13.7,13.7
2023-07-10T11:50:00-04:00,,39,82,977.54,,9.2,8.08,14.1,14.1
2023-07-10T12:00:00-04:00,,39,83,977.47,,9.3,7.5,13.8,13.8
2023-07-10T12:10:00-04:00,,38,84,977.53,,9.1,6.53,13.4,13.4
2023-07-10T12:20:00-04:00,,38,85,977.36,,8.9,6.83,13,13
2023-07-10T12:30:00-04:00,,37,86,977.13,,8.5,5.98,12.5,12.5
2023-07-10T12:40:00-04:00,,37,86,977.08,,7.8,4.73,11.7,11.7
2023-07-10T12:50:00-04:00,,37,86,977.06,,7.8,3.82,11,11
2023-07-10T13:00:00-04:00,,36,87,976.99,,8.1,5.12,12,12
2023-07-10T13:10:00-04:00,,35,85,976.64,,7.9,6.48,11.9,11.9
2023-07-10T13:20:00-04:00,,35,86,977.01,,8.2,4.71,11.9,11.9
2023-07-10T13:30:00-04:00,,35,86,976.96,,8,4.36,11.6,11.6
2023-07-10T13:40:00-04:00,,35,87,976.86,,7.6,3.49,10.9,10.9
2023-07-10T13:50:00-04:00,,35,86,976.89,,7.9,4.93,11.8,11.8
2023-07-10T14:00:00-04:00,,35,87,976.77,,8.1,5.74,12,12
2023-07-10T14:10:00-04:00,,35,88,976.65,,8.1,4.91,12.1,12.1
2023-07-10T14:20:00-04:00,,35,86,976.67,,8.1,5.35,12,12
2023-07-10T14:30:00-04:00,,35,86,976.55,,8.3,5.47,12.7,12.7
2023-07-10T14:40:00-04:00,,34,88,976.52,,8.3,6.06,12.7,12.7
2023-07-10T14:50:00-04:00,,34,88,976.45,,8.2,4.78,12,12
2023-07-10T15:00:00-04:00,,33,88,976.35,,8.4,4.61,12.1,12.1
2023-07-10T15:10:00-04:00,,32,88,976.26,,8.6,5.1,12.5,12.5
2023-07-10T15:20:00-04:00,,32,89,976.23,,8.2,5.39,11.9,11.9
2023-07-10T15:30:00-04:00,,32,89,976.27,,8.5,5.38,12.4,12.4
2023-07-10T15:40:00-04:00,,32,89,976.17,,8.1,4.47,11.9,11.9
2023-07-10T15:50:00-04:00,,32,89,976.16,,8.1,4.27,11.7,11.7
2023-07-10T16:00:00-04:00,,32,90,976.12,,8,4.7,11.6,11.6
2023-07-10T16:10:00-04:00,,31,90,976,,7.6,3.92,11.2,11.2
2023-07-10T16:20:00-04:00,,32,90,975.96,,7.7,4.89,11.3,11.3
2023-07-10T16:30:00-04:00,,31,92,975.93,,8,5.49,11.9,11.9
2023-07-10T16:40:00-04:00,,30,91,975.96,,7.7,3.75,11,11
2023-07-10T16:50:00-04:00,,30,90,975.99,,8,5.99,12.2,12.2
2023-07-10T17:00:00-04:00,,30,92,976.07,,8.4,5.15,12.3,12.3
2023-07-10T17:10:00-04:00,,30,92,976.18,,8,4.89,11.8,11.8
2023-07-10T17:20:00-04:00,,30,92,976.24,,7.7,4.46,11.4,11.4
2023-07-10T17:30:00-04:00,,31,92,976.35,,8,5.8,11.9,11.9
2023-07-10T17:40:00-04:00,,30,93,976.45,,8.1,5,12,12
2023-07-10T17:50:00-04:00,,30,93,976.55,,8.2,4.62,11.9,11.9
2023-07-10T18:00:00-04:00,,30,93,976.64,,8,6.04,12.1,12.1
2023-07-10T18:10:00-04:00,,30,92,976.65,,8.1,5.25,12.3,12.3
2023-07-10T18:20:00-04:00,,31,92,976.68,,8.2,3.89,12.2,12.2
2023-07-10T18:30:00-04:00,,31,92,976.71,,8.5,4.56,12.5,12.5
2023-07-10T18:40:00-04:00,,33,90,976.65,,8.5,4.04,12.6,12.6
2023-07-10T18:50:00-04:00,,33,91,976.7,,8.5,4.41,12.9,12.9
2023-07-10T19:00:00-04:00,,32,91,976.73,,8.5,4.24,12.6,12.6
2023-07-10T19:10:00-04:00,,32,91,976.73,,8.5,5.2,13.1,13.1
2023-07-10T19:20:00-04:00,,33,91,976.78,,8.8,5.06,13.3,13.3
2023-07-10T19:30:00-04:00,,34,90,976.82,,8.6,4.56,12.7,12.7
2023-07-10T19:40:00-04:00,,35,89,976.77,,8.4,6.18,12.7,12.7
2023-07-10T19:50:00-04:00,,36,88,976.77,,8.5,4.46,12.8,12.8
2023-07-10T20:00:00-04:00,,37,86,976.73,,8.9,4.73,13.2,13.2
2023-07-10T20:10:00-04:00,,40,84,976.73,,8.8,5.48,13.5,13.5
2023-07-10T20:20:00-04:00,,42,83,976.62,,9.3,4.92,13.9,13.9
2023-07-10T20:30:00-04:00,,44,83,976.54,,9.3,4.94,14.1,14.1
2023-07-10T20:40:00-04:00,,45,82,976.51,,9.2,4.98,13.8,13.8
2023-07-10T20:50:00-04:00,,46,81,976.46,,9.3,5.21,14.1,14.1
2023-07-10T21:00:00-04:00,,48,80,976.36,,9.3,4.93,14.1,14.1
2023-07-10T21:10:00-04:00,,49,79,976.28,,9.4,4.95,14.3,14.3
2023-07-10T21:20:00-04:00,,50,78,976.2,,9.2,4.23,13.8,13.8
2023-07-10T21:30:00-04:00,,51,78,976.24,,9.2,5.51,14.4,14.4
2023-07-10T21:40:00-04:00,,52,77,976.27,,9.7,5.89,14.8,14.8
2023-07-10T21:50:00-04:00,,53,77,976.36,,9.7,5.27,14.7,14.7
2023-07-10T22:00:00-04:00,,54,76,976.33,,9.9,6.62,15.4,15.4
2023-07-10T22:10:00-04:00,,54,76,976.35,,9.9,5.95,15.2,15.2
2023-07-10T22:20:00-04:00,,55,75,976.47,,10,5.24,15.3,15.3
2023-07-10T22:30:00-04:00,,56,75,976.54,,10.6,6.95,16.1,16.1
2023-07-10T22:40:00-04:00,,57,75,976.45,,10.4,7.44,16.4,16.4
2023-07-10T22:50:00-04:00,,57,74,976.3,,10.6,6.96,16.3,16.3
2023-07-10T23:00:00-04:00,,58,74,976.13,,10.6,6.46,16.1,16.1
2023-07-10T23:10:00-04:00,,58,74,976.13,,10.7,7.59,16.8,16.8
2023-07-10T23:20:00-04:00,,59,73,976.27,,10.6,6.96,16.4,16.4
2023-07-10T23:30:00-04:00,,60,73,976.35,,11,9.56,17.5,17.5
2023-07-10T23:40:00-04:00,,60,73,976.36,,11.5,6.8,17.4,17.4
2023-07-10T23:50:00-04:00,,61,73,976.31,,11.1,5.65,17,17
2023-07-11T00:00:00-04:00,,61,73,976.14,,11.4,7.7,17.5,17.5
2023-07-11T00:10:00-04:00,,61,73,976.19,,11.5,7.28,17.6,17.6
2023-07-11T00:20:00-04:00,,61,73,976.18,,11.5,7.46,17.8,17.8
2023-07-11T00:30:00-04:00,,61,72,976.13,,11.6,7.81,17.9,17.9
2023-07-11T00:40:00-04:00,,61,72,976.13,,11.7,8.08,18.1,18.1
2023-07-11T00:50:00-04:00,,62,72,976.1,,11.8,9.69,18.6,18.6
2023-07-11T01:00:00-04:00,,62,72,975.99,,11.8,7.77,18.2,18.2
2023-07-11T01:10:00-04:00,,62,72,975.95,,11.7,8.39,18.1,18.1
2023-07-11T01:20:00-04:00,,63,72,976.11,,11.9,7.64,18.2,18.2
2023-07-11T01:30:00-04:00,,63,72,976.2,,12.3,8.65,19.1,19.1
2023-07-11T01:40:00-04:00,,63,72,976.15,,12.3,8.47,19,19
2023-07-11T01:50:00-04:00,,62,72,976.01,,12.4,7.66,19.1,19.1
2023-07-11T02:00:00-04:00,,62,72,976.01,,12.1,8.89,18.7,18.7
2023-07-11T02:10:00-04:00,,62,72,976.06,,12.4,8.93,19.1,19.1
2023-07-11T02:20:00-04:00,,62,72,976.6,,12.1,9.28,19,19
2023-07-11T02:30:00-04:00,,63,72,977.01,,12,7.2,18.2,18.2
2023-07-11T02:40:00-04:00,,63,72,976.98,,11.7,8.28,18.2,18.2
2023-07-11T02:50:00-04:00,,62,72,976.76,,12,7.73,18.3,18.3
2023-07-11T03:00:00-04:00,,62,72,976.48,,12,8.91,18.5,18.5
2023-07-11T03:10:00-04:00,,62,72,976.48,,11.9,7.25,18.2,18.2
2023-07-11T03:20:00-04:00,,62,72,976.44,,11.8,8.16,18.2,18.2
2023-07-11T03:30:00-04:00,,62,72,976.27,,11.9,7.99,18,18
2023-07-11T03:40:00-04:00,,63,71,975.82,,11.9,9.78,18.6,18.6
2023-07-11T03:50:00-04:00,,63,71,975.82,,12,8.35,18.3,18.3
2023-07-11T04:00:00-04:00,,63,71,975.64,,11.9,7.97,18.4,18.4
2023-07-11T04:10:00-04:00,,64,71,975.51,,12.5,8.65,19,19
2023-07-11T04:20:00-04:00,,64,71,975.41,,13.3,10.45,20.7,20.7
2023-07-11T04:30:00-04:00,,64,71,975.29,,12.9,9.03,20.2,20.2
2023-07-11T04:40:00-04:00,,64,71,975.19,,13.2,9.34,20.1,20.1
2023-07-11T04:50:00-04:00,,64,70,975.36,,12.6,9.02,19.5,19.5
2023-07-11T05:00:00-04:00,,65,70,975.48,,11.9,7.8,18.4,18.4
2023-07-11T05:10:00-04:00,,65,70,975.55,,12.2,8.54,18.7,18.7
2023-07-11T05:20:00-04:00,,65,70,975.69,,12.3,9.34,19,19
2023-07-11T05:30:00-04:00,,65,70,975.75,,12.1,10.86,19.1,19.1
2023-07-11T05:40:00-04:00,,66,70,975.77,,12.6,9.08,19.3,19.3
2023-07-11T05:50:00-04:00,,66,69,975.78,,12.7,10.05,19.7,19.7
2023-07-11T06:00:00-04:00,,67,69,975.94,,13.1,10.73,20.4,20.4
2023-07-11T06:10:00-04:00,,67,69,975.95,,13.2,9.58,20.5,20.5
2023-07-11T06:20:00-04:00,,67,70,975.94,,13.3,9.07,20.1,20.1
2023-07-11T06:30:00-04:00,,67,70,975.98,,13.8,9.91,20.9,20.9
2023-07-11T06:40:00-04:00,,67,70,976.11,,13.7,10.93,21.2,21.2
2023-07-11T06:50:00-04:00,,66,71,976.15,,13.6,10.22,20.9,20.9
2023-07-11T07:00:00-04:00,,65,71,976.23,,12.9,11.39,20.2,20.2
2023-07-11T07:10:00-04:00,,64,72,976.34,,12.8,10.14,19.7,19.7
2023-07-11T07:20:00-04:00,,64,72,976.36,,13.1,11.58,20.5,20.5
2023-07-11T07:30:00-04:00,,63,72,976.15,,13.5,10.88,20.6,20.6
2023-07-11T07:40:00-04:00,,60,73,975.92,,12.5,10.09,18.9,18.9
2023-07-11T07:50:00-04:00,,58,73,976.21,,12.5,11.17,19.3,19.3
2023-07-11T08:00:00-04:00,,56,73,976.24,,13.4,11.89,20.7,20.8
2023-07-11T08:10:00-04:00,,56,73,976.24,,12.9,11.68,19.3,19.3
2023-07-11T08:20:00-04:00,,56,73,976.18,,13.4,14.84,20,20
2023-07-11T08:30:00-04:00,,55,74,976.18,,13.3,13.02,20,20
2023-07-11T08:40:00-04:00,,55,74,976.3,,13.3,13.8,20.1,20.1
2023-07-11T08:50:00-04:00,,54,74,976.09,,13.7,13.43,21.2,21.2
2023-07-11T09:00:00-04:00,,54,75,976.03,,14.4,16.23,22.1,22.1
2023-07-11T09:10:00-04:00,,53,75,976.15,,13.8,13.22,21,21
2023-07-11T09:20:00-04:00,,53,75,976.34,,17.6,15.84,27.5,28
2023-07-11T09:30:00-04:00,,54,74,976.48,,13.7,11.92,21,21
2023-07-11T09:40:00-04:00,,54,75,976.44,,14.7,14.37,22.5,22.5
2023-07-11T09:50:00-04:00,,53,75,976.34,,13,12.68,19.7,19.7
2023-07-11T10:00:00-04:00,,53,76,976.4,,12.6,12.8,19.3,19.3
2023-07-11T10:10:00-04:00,,51,76,976.29,,12.5,11.67,18.8,18.8
2023-07-11T10:20:00-04:00,,50,77,976.23,,12.6,11.21,18.9,18.9
2023-07-11T10:30:00-04:00,,48,78,976.29,,12.5,12.16,19.2,19.2
2023-07-11T10:40:00-04:00,,47,78,976.3,,13.2,12.7,20.3,20.3
2023-07-11T10:50:00-04:00,,47,78,976.27,,12.7,11.82,19.5,19.5
2023-07-11T11:00:00-04:00,,47,78,976.28,,12.7,10.61,19,19
2023-07-11T11:10:00-04:00,,47,79,976.34,,12.3,11.61,18.8,18.8
2023-07-11T11:20:00-04:00,,45,79,976.32,,11.8,11.21,17.8,17.8
2023-07-11T11:30:00-04:00,,44,80,976.29,,11.5,10.91,17.3,17.3
2023-07-11T11:40:00-04:00,,43,81,976.31,,11.3,9.52,16.9,16.9
2023-07-11T11:50:00-04:00,,43,80,976.35,,11.3,11.06,16.9,16.9
2023-07-11T12:00:00-04:00,,42,80,976.29,,10.6,9.87,15.9,15.9
2023-07-11T12:10:00-04:00,,42,80,976.31,,10.1,8.08,14.6,14.6
2023-07-11T12:20:00-04:00,,43,80,976.34,,10.7,8.31,15.6,15.6
2023-07-11T12:30:00-04:00,,42,80,976.31,,9.8,6.9,14.1,14.1
2023-07-11T12:40:00-04:00,,40,80,976.26,,9.3,10.08,13.9,13.9
2023-07-11T12:50:00-04:00,,39,80,976.04,,8.7,6.37,12.6,12.6
2023-07-11T13:00:00-04:00,,38,80,976.1,,8.6,7.01,12.3,12.3
2023-07-11T13:10:00-04:00,,36,82,976.12,,8.7,6.2,12.1,12.1
2023-07-11T13:20:00-04:00,,32,83,976.09,,7.4,4.52,10.2,10.2
2023-07-11T13:30:00-04:00,,30,83,976,,6.4,4.62,8.8,8.8
2023-07-11T13:40:00-04:00,,28,84,976.11,,5.7,4.24,7.5,7.5
2023-07-11T13:50:00-04:00,,26,85,976,,5.5,4.17,7.2,7.2
2023-07-11T14:00:00-04:00,,26,85,976.02,,5.3,4.08,7,7
2023-07-11T14:10:00-04:00,,26,85,975.87,,5.2,3.95,6.8,6.8
2023-07-11T14:20:00-04:00,,26,85,975.79,,5.1,4.61,6.8,6.8
2023-07-11T14:30:00-04:00,,25,86,975.71,,5.1,3.29,6.4,6.4
2023-07-11T14:40:00-04:00,,24,86,975.63,,4.9,3.64,6.1,6.1
2023-07-11T14:50:00-04:00,,23,86,975.6,,4.6,2.29,5.4,5.4
2023-07-11T15:00:00-04:00,,23,87,975.67,,4.5,2.65,5.3,5.3
2023-07-11T15:10:00-04:00,,23,88,975.56,,4.5,2.97,5.7,5.7
2023-07-11T15:20:00-04:00,,22,88,975.58,,4.5,2.61,5.6,5.6
2023-07-11T15:30:00-04:00,,22,88,975.48,,4.2,2.75,5.2,5.2
2023-07-11T15:40:00-04:00,,22,88,975.42,,4,2.72,4.8,4.8
2023-07-11T15:50:00-04:00,,21,88,975.39,,3.5,2.06,4,4
2023-07-11T16:00:00-04:00,,20,89,975.43,,3.2,2.34,3.6,3.6
2023-07-11T16:10:00-04:00,,17,89,975.51,,2.6,1.73,2.3,2.3
2023-07-11T16:20:00-04:00,,15,90,975.5,,2.5,1.55,2.3,2.3
2023-07-11T16:30:00-04:00,,15,92,975.54,,2.5,1.73,2.2,2.2
2023-07-11T16:40:00-04:00,,15,94,975.54,,2.6,1.69,2.3,2.3
2023-07-11T16:50:00-04:00,,14,95,975.6,,2.7,2.22,2.7,2.7
2023-07-11T17:00:00-04:00,,14,97,975.64,,2.8,1.43,2.4,2.4
2023-07-11T17:10:00-04:00,,15,98,975.71,,3.1,1.48,3,3
2023-07-11T17:20:00-04:00,,14,98,975.72,,2.9,1.99,3.1,3.1
2023-07-11T17:30:00-04:00,,14,98,975.69,,3,1.68,2.9,2.9
2023-07-11T17:40:00-04:00,,14,99,975.74,,3.2,2.34,3.8,3.8
2023-07-11T17:50:00-04:00,,14,98,975.76,,2.8,1.68,2.6,2.6
2023-07-11T18:00:00-04:00,,13,98,975.74,,2.7,1.77,2.6,2.6
2023-07-11T18:10:00-04:00,,13,98,975.8,,2.7,1.44,2.5,2.5
2023-07-11T18:20:00-04:00,,14,98,975.79,,2.5,1.53,2.3,2.3
2023-07-11T18:30:00-04:00,,14,97,975.86,,2.5,1.39,2.2,2.2
2023-07-11T18:40:00-04:00,,14,96,975.92,,2.4,1.3,2,2
2023-07-11T18:50:00-04:00,,15,96,975.95,,2.3,1.02,1.9,1.9
2023-07-11T19:00:00-04:00,,15,96,976.1,,2.1,1.19,1.5,1.5
2023-07-11T19:10:00-04:00,,15,95,976.14,,2.1,1.44,1.4,1.4
2023-07-11T19:20:00-04:00,,16,96,976.28,,2,1,1.4,1.4
2023-07-11T19:30:00-04:00,,16,94,976.5,,1.8,1.19,1.4,1.4
2023-07-11T19:40:00-04:00,,18,93,976.67,,1.9,0.84,1.3,1.3
2023-07-11T19:50:00-04:00,,19,92,976.77,,1.8,0.93,1.2,1.2
2023-07-11T20:00:00-04:00,,20,89,976.88,,1.8,1.06,1.2,1.2
2023-07-11T20:10:00-04:00,,23,86,976.94,,2,1.17,1.6,1.6
2023-07-11T20:20:00-04:00,,26,82,977.15,,1.9,0.76,1.5,1.5
2023-07-11T20:30:00-04:00,,29,79,977.2,,1.8,0.95,1,1
2023-07-11T20:40:00-04:00,,30,78,977.37,,1.9,1.16,1.3,1.3
2023-07-11T20:50:00-04:00,,32,76,977.53,,1.9,0.94,1.2,1.2
2023-07-11T21:00:00-04:00,,33,75,977.74,,1.6,1.24,1,1
2023-07-11T21:10:00-04:00,,35,74,977.98,,1.6,0.83,0.9,0.9
2023-07-11T21:20:00-04:00,,36,74,978.07,,1.7,1.02,1.3,1.3
2023-07-11T21:30:00-04:00,,37,73,978.29,,1.7,0.96,1.1,1.1
2023-07-11T21:40:00-04:00,,38,72,978.65,,1.7,1.01,1,1
2023-07-11T21:50:00-04:00,,39,72,978.91,,1.6,1.41,1,1
2023-07-11T22:00:00-04:00,,40,71,979.09,,1.7,1.23,1.1,1.1
2023-07-11T22:10:00-04:00,,41,71,979.28,,1.8,1.39,1.3,1.3
2023-07-11T22:20:00-04:00,,41,71,979.43,,1.7,1,1,1
2023-07-11T22:30:00-04:00,,41,70,979.54,,1.6,1.34,0.9,0.9
2023-07-11T22:40:00-04:00,,42,69,979.71,,1.5,1.17,0.8,0.8
2023-07-11T22:50:00-04:00,,43,69,979.79,,1.6,0.91,0.8,0.8
2023-07-11T23:00:00-04:00,,43,69,979.87,,1.5,1.01,0.7,0.7
2023-07-11T23:10:00-04:00,,44,68,979.89,,1.5,1.03,0.9,0.9
2023-07-11T23:20:00-04:00,,45,68,979.98,,1.4,0.77,0.7,0.7
2023-07-11T23:30:00-04:00,,46,67,980.08,,1.4,1.06,0.7,0.7
2023-07-11T23:40:00-04:00,,46,67,980.18,,1.5,1.15,0.7,0.7
2023-07-11T23:50:00-04:00,,46,67,980.3,,1.5,1.2,0.8,0.8
2023-07-12T00:00:00-04:00,,47,67,980.37,,1.5,1.36,0.8,0.8
2023-07-12T00:10:00-04:00,,49,66,980.39,,1.5,0.87,0.9,0.9
2023-07-12T00:20:00-04:00,,49,66,980.34,,1.7,1.19,1.1,1.1
2023-07-12T00:30:00-04:00,,50,65,980.38,,1.5,0.98,0.8,0.8
2023-07-12T00:40:00-04:00,,51,65,980.35,,1.6,1.1,0.9,0.9
2023-07-12T00:50:00-04:00,,51,65,980.52,,1.6,0.81,0.9,0.9
2023-07-12T01:00:00-04:00,,51,64,980.57,,1.5,1.01,0.8,0.8
2023-07-12T01:10:00-04:00,,52,64,980.65,,1.6,0.83,0.9,0.9
2023-07-12T01:20:00-04:00,,52,64,980.7,,1.6,0.87,0.9,0.9
2023-07-12T01:30:00-04:00,,53,63,980.77,,1.6,1.04,1,1
2023-07-12T01:40:00-04:00,,54,63,980.8,,1.6,1.11,1,1
2023-07-12T01:50:00-04:00,,55,63,980.7,,1.6,1.24,0.9,0.9
2023-07-12T02:00:00-04:00,,55,63,980.72,,1.7,1.05,1.1,1.1
2023-07-12T02:10:00-04:00,,55,63,980.87,,1.7,1.07,1.2,1.2
2023-07-12T02:20:00-04:00,,56,63,980.99,,1.8,1.08,1.2,1.2
2023-07-12T02:30:00-04:00,,56,63,981.05,,1.9,0.92,1.3,1.3
2023-07-12T02:40:00-04:00,,56,63,981.1,,1.7,0.92,1.1,1.1
2023-07-12T02:50:00-04:00,,56,63,981.11,,1.8,0.97,1.4,1.4
2023-07-12T03:00:00-04:00,,56,63,981.08,,1.8,1,1.3,1.3
2023-07-12T03:10:00-04:00,,56,62,981.11,,1.8,1.22,1.3,1.3
2023-07-12T03:20:00-04:00,,57,62,981.1,,1.8,1.01,1.3,1.3
2023-07-12T03:30:00-04:00,,58,62,981.11,,1.8,1.1,1.2,1.2
2023-07-12T03:40:00-04:00,,58,62,981.21,,1.9,0.75,1.4,1.4
2023-07-12T03:50:00-04:00,,58,61,981.3,,1.8,1.21,1.2,1.2
2023-07-12T04:00:00-04:00,,59,61,981.41,,2.1,1.1,1.7,1.7
2023-07-12T04:10:00-04:00,,59,61,981.56,,2,0.97,1.4,1.4
2023-07-12T04:20:00-04:00,,59,61,981.65,,2,1.25,1.7,1.7
2023-07-12T04:30:00-04:00,,59,61,981.65,,2,1.38,1.7,1.7
2023-07-12T04:40:00-04:00,,59,61,981.81,,2,1.67,1.7,1.7
2023-07-12T04:50:00-04:00,,59,61,981.89,,1.9,1.37,1.5,1.5
2023-07-12T05:00:00-04:00,,60,61,982.02,,2.1,1.57,1.7,1.7
2023-07-12T05:10:00-04:00,,60,61,982.22,,2.2,1.57,1.9,1.9
2023-07-12T05:20:00-04:00,,60,61,982.26,,2.1,1.6,1.8,1.8
2023-07-12T05:30:00-04:00,,60,60,982.15,,2.3,1.61,2.1,2.1
2023-07-12T05:40:00-04:00,,61,60,982.12,,2.1,1.57,1.9,1.9
2023-07-12T05:50:00-04:00,,61,60,982.29,,2.1,1.15,1.7,1.7
2023-07-12T06:00:00-04:00,,61,60,982.41,,2.3,1.26,2,2
2023-07-12T06:10:00-04:00,,61,60,982.59,,2.2,1.58,1.9,1.9
2023-07-12T06:20:00-04:00,,62,60,982.65,,2.3,1.88,2.2,2.2
2023-07-12T06:30:00-04:00,,62,60,982.74,,2.2,1.94,2.1,2.1
2023-07-12T06:40:00-04:00,,62,60,982.77,,2.5,1.56,2.4,2.4
2023-07-12T06:50:00-04:00,,63,60,982.82,,2.3,1.67,2,2
2023-07-12T07:00:00-04:00,,63,60,982.95,,2.4,1.72,2.3,2.3
2023-07-12T07:10:00-04:00,,63,60,983.15,,2.4,2.14,2.2,2.2
2023-07-12T07:20:00-04:00,,62,61,983.31,,2.4,1.68,2.2,2.2
2023-07-12T07:30:00-04:00,,62,61,983.33,,2.5,2.07,2.3,2.3
2023-07-12T07:40:00-04:00,,62,61,983.3,,2.6,1.72,2.3,2.3
2023-07-12T07:50:00-04:00,,61,62,983.18,,2.5,1.49,2.5,2.5
2023-07-12T08:00:00-04:00,,61,62,983.18,,2.4,1.9,2.3,2.3
2023-07-12T08:10:00-04:00,,60,63,983.23,,2.4,1.3,2.3,2.3
2023-07-12T08:20:00-04:00,,58,63,983.34,,2.4,1.63,2.1,2.1
2023-07-12T08:30:00-04:00,,57,64,983.41,,2.3,1.17,2,2
2023-07-12T08:40:00-04:00,,56,64,983.41,,2.1,1.9,1.8,1.8
2023-07-12T08:50:00-04:00,,54,65,983.39,,2.1,1.33,1.6,1.6
2023-07-12T09:00:00-04:00,,52,66,983.34,,2,1.54,1.7,1.7
2023-07-12T09:10:00-04:00,,51,67,983.22,,1.8,1.34,1.2,1.2
2023-07-12T09:20:00-04:00,,49,68,983.29,,1.7,0.81,1.1,1.1
2023-07-12T09:30:00-04:00,,47,69,983.28,,1.6,1.3,1,1
2023-07-12T09:40:00-04:00,,45,69,983.18,,1.6,1.16,0.9,0.9
2023-07-12T09:50:00-04:00,,44,70,983.07,,1.7,0.81,1.1,1.1
2023-07-12T10:00:00-04:00,,43,71,982.89,,1.6,1.41,0.9,0.9
2023-07-12T10:10:00-04:00,,41,72,982.86,,1.5,1.33,0.9,0.9
2023-07-12T10:20:00-04:00,,41,72,982.72,,1.8,1,1.2,1.2
2023-07-12T10:30:00-04:00,,40,73,982.72,,1.7,0.64,1.2,1.2
2023-07-12T10:40:00-04:00,,39,74,982.71,,2,0.89,1.9,1.9
2023-07-12T10:50:00-04:00,,39,75,982.7,,1.9,0.86,1.4,1.4
2023-07-12T11:00:00-04:00,,37,76,982.67,,2,0.99,1.5,1.5
2023-07-12T11:10:00-04:00,,36,76,982.82,,1.9,1.18,1.4,1.4
2023-07-12T11:20:00-04:00,,35,76,982.79,,1.8,1.55,1.2,1.2
2023-07-12T11:30:00-04:00,,34,77,982.92,,1.8,1.14,1.3,1.3
2023-07-12T11:40:00-04:00,,34,77,983.06,,2,1.13,1.7,1.7
2023-07-12T11:50:00-04:00,,34,77,983.1,,3,2.54,3.3,3.3
2023-07-12T12:00:00-04:00,,33,78,983.02,,4.1,2.77,5.3,5.5
2023-07-12T12:10:00-04:00,,33,78,983.03,,3.5,3.2,4.4,4.5
2023-07-12T12:20:00-04:00,,32,79,982.99,,5.5,4.68,7.6,7.9
2023-07-12T12:30:00-04:00,,31,78,982.88,,8.7,6.94,10,13.2
2023-07-12T12:40:00-04:00,,31,78,982.88,,3,2.56,3.5,3.5
2023-07-12T12:50:00-04:00,,34,77,982.91,,1.8,0.9,1.4,1.4
2023-07-12T13:00:00-04:00,,33,79,982.74,,1.9,0.66,1.2,1.2
2023-07-12T13:10:00-04:00,,32,79,982.75,,2,1.26,1.6,1.6
2023-07-12T13:20:00-04:00,,31,80,982.65,,13.5,11.9,19,22.2
2023-07-12T13:30:00-04:00,,30,79,982.67,,2.9,1.74,3.4,3.4
2023-07-12T13:40:00-04:00,,31,79,982.7,,5.4,4.91,7.8,7.8
2023-07-12T13:50:00-04:00,,33,82,982.63,,2.5,1.64,2.3,2.3
2023-07-12T14:00:00-04:00,,31,85,982.55,,2.3,1.77,2.2,2.2
2023-07-12T14:10:00-04:00,,28,86,982.45,,2.3,1.09,2.2,2.2
2023-07-12T14:20:00-04:00,,25,86,982.43,,2.1,0.79,1.9,1.9
2023-07-12T14:30:00-04:00,,26,86,982.38,,2.2,1.09,2,2
2023-07-12T14:40:00-04:00,,26,86,982.37,,2.2,1.5,2.3,2.3
2023-07-12T14:50:00-04:00,,26,85,982.3,,2.9,1.47,3.5,3.5
2023-07-12T15:00:00-04:00,,26,86,982.22,,4.2,1.7,5.9,5.9
2023-07-12T15:10:00-04:00,,26,86,982,,2.8,1.12,3.2,3.2
2023-07-12T15:20:00-04:00,,26,85,981.82,,2.5,1.35,2.5,2.5
2023-07-12T15:30:00-04:00,,29,84,981.85,,4.1,2.3,5.6,5.6
2023-07-12T15:40:00-04:00,,29,84,981.74,,4.6,6.23,6.6,6.6
2023-07-12T15:50:00-04:00,,28,86,981.67,,11.5,68.25,16.2,20.8
2023-07-12T16:00:00-04:00,,26,87,981.52,,3.5,1.66,4.2,4.2
2023-07-12T16:10:00-04:00,,26,89,981.27,,4.4,9.75,6.6,6.6
2023-07-12T16:20:00-04:00,,22,92,981.07,,3.8,1.29,5.1,5.1
2023-07-12T16:30:00-04:00,,21,91,981.1,,3.4,1.36,4.4,4.4
2023-07-12T16:40:00-04:00,,23,92,981.11,,3.6,1.55,4.6,4.6
2023-07-12T16:50:00-04:00,,23,92,981.06,,3.6,1.42,4.8,4.8
2023-07-12T17:00:00-04:00,,22,91,981.06,,3.5,1.38,4.6,4.6
2023-07-12T17:10:00-04:00,,24,88,981.11,,3.8,1.32,4.9,4.9
2023-07-12T17:20:00-04:00,,23,89,981.08,,3.8,1.34,5.1,5.1
2023-07-12T17:30:00-04:00,,22,93,981.14,,3.8,1.31,4.9,4.9
2023-07-12T17:40:00-04:00,,19,94,981.06,,5.4,1.36,8.2,8.2
2023-07-12T17:50:00-04:00,,20,94,981.04,,6.9,1.35,11,11
2023-07-12T18:00:00-04:00,,21,92,981.05,,6.6,1.64,10.7,10.7
2023-07-12T18:10:00-04:00,,22,90,981.06,,7,1.88,11.4,11.4
2023-07-12T18:20:00-04:00,,23,89,981.08,,7.1,2.06,11.6,11.6
2023-07-12T18:30:00-04:00,,24,88,981.01,,7.5,2.63,12.2,12.2
2023-07-12T18:40:00-04:00,,26,88,980.89,,7.2,1.88,11.5,11.5
2023-07-12T18:50:00-04:00,,26,86,980.82,,7,1.58,11.4,11.4
2023-07-12T19:00:00-04:00,,27,86,980.81,,7,2.28,11.2,11.2
2023-07-12T19:10:00-04:00,,29,85,980.73,,7.1,3.12,11.6,11.6
2023-07-12T19:20:00-04:00,,30,85,980.72,,6.6,1.76,10.6,10.6
2023-07-12T19:30:00-04:00,,30,83,980.78,,6.3,1.7,9.9,9.9
2023-07-12T19:40:00-04:00,,32,82,980.79,,6.5,2.18,10.4,10.4
2023-07-12T19:50:00-04:00,,33,81,980.85,,6.1,2.53,9.8,9.8
2023-07-12T20:00:00-04:00,,35,80,980.77,,6.4,2.09,10.1,10.1
2023-07-12T20:10:00-04:00,,37,79,980.7,,6.1,1.85,9.6,9.6
2023-07-12T20:20:00-04:00,,38,77,980.6,,4,1.51,5.4,5.4
2023-07-12T20:30:00-04:00,,39,76,980.57,,3.7,1.81,4.8,4.8
2023-07-12T20:40:00-04:00,,40,76,980.57,,3.8,1.66,5.2,5.2
2023-07-12T20:50:00-04:00,,42,75,980.59,,4.1,1.51,5.3,5.3
2023-07-12T21:00:00-04:00,,42,75,980.65,,3.8,2.32,5,5
2023-07-12T21:10:00-04:00,,44,74,980.75,,4.1,2.31,5.6,5.6
2023-07-12T21:20:00-04:00,,44,73,980.84,,4,1.85,5.5,5.5
2023-07-12T21:30:00-04:00,,44,73,980.86,,4.7,2.76,6.7,6.7
2023-07-12T21:40:00-04:00,,44,73,980.85,,5.4,2.87,7.8,7.8
2023-07-12T21:50:00-04:00,,44,73,980.82,,5.7,2.45,7.8,7.8
2023-07-12T22:00:00-04:00,,45,73,980.86,,5.4,3.24,7.9,7.9
2023-07-12T22:10:00-04:00,,45,73,980.72,,5.5,2.76,8,8
2023-07-12T22:20:00-04:00,,45,73,980.76,,7,3.44,10.6,10.6
2023-07-12T22:30:00-04:00,,44,73,980.69,,5.6,3.16,8.3,8.3
2023-07-12T22:40:00-04:00,,45,72,980.55,,5.6,2.7,8.2,8.2
2023-07-12T22:50:00-04:00,,45,72,980.46,,8.2,5.09,13.2,13.2
2023-07-12T23:00:00-04:00,,47,72,980.49,,9,5.46,14.1,14.1
2023-07-12T23:10:00-04:00,,47,72,980.5,,9.1,6.32,14.7,14.7
2023-07-12T23:20:00-04:00,,48,71,980.47,,7.1,3.62,10.7,10.7
2023-07-12T23:30:00-04:00,,49,71,980.35,,9.5,6.05,14.9,14.9
2023-07-12T23:40:00-04:00,,50,71,980.25,,9.5,5.73,14.9,14.9
2023-07-12T23:50:00-04:00,,51,71,980.16,,9.7,7.98,15.5,15.5
2023-07-13T00:00:00-04:00,,51,70,980.03,,10.4,6.6,16.4,16.4
2023-07-13T00:10:00-04:00,,52,70,979.98,,10.8,8.21,17.4,17.4
2023-07-13T00:20:00-04:00,,53,69,979.82,,7.9,5.81,12.3,12.3
2023-07-13T00:30:00-04:00,,53,69,979.79,,6.3,4.33,9.6,9.6
2023-07-13T00:40:00-04:00,,54,69,979.68,,5.7,2.93,8.3,8.3
2023-07-13T00:50:00-04:00,,54,69,979.5,,6.1,2.16,8.9,8.9
2023-07-13T01:00:00-04:00,,54,68,979.34,,5.2,2.36,7.4,7.4
2023-07-13T01:10:00-04:00,,55,68,979.29,,5.5,2.64,8,8
2023-07-13T01:20:00-04:00,,55,68,979.28,,5.6,2.53,8.2,8.2
2023-07-13T01:30:00-04:00,,55,68,979.35,,5.8,2.87,8.5,8.5
2023-07-13T01:40:00-04:00,,54,68,979.38,,6,2.73,8.6,8.6
2023-07-13T01:50:00-04:00,,55,68,979.17,,6.1,3.4,9.2,9.2
2023-07-13T02:00:00-04:00,,55,68,978.95,,6.1,3.37,9.3,9.3
2023-07-13T02:10:00-04:00,,55,69,978.9,,6.3,2.68,9.2,9.2
2023-07-13T02:20:00-04:00,,55,69,978.77,,5.9,2.25,8.6,8.6
2023-07-13T02:30:00-04:00,,56,68,978.61,,6.2,2.56,9.1,9.1
2023-07-13T02:40:00-04:00,,56,68,978.46,,6.7,3.23,9.8,9.8
2023-07-13T02:50:00-04:00,,55,69,978.43,,6.4,2.64,9.4,9.4
2023-07-13T03:00:00-04:00,,55,69,978.36,,6.9,2.53,9.9,9.9
2023-07-13T03:10:00-04:00,,54,69,978.19,,6.9,3.2,10.1,10.1
2023-07-13T03:20:00-04:00,,54,68,978.03,,6.7,2.33,9.6,9.6
2023-07-13T03:30:00-04:00,,54,68,977.88,,6.5,2.7,9.2,9.2
2023-07-13T03:40:00-04:00,,54,68,977.65,,6.2,3.15,9,9
2023-07-13T03:50:00-04:00,,54,68,977.58,,6.1,2.31,8.3,8.3
2023-07-13T04:00:00-04:00,,54,68,977.53,,5.8,2.28,7.7,7.7
2023-07-13T04:10:00-04:00,,53,68,977.5,,5.6,2.5,7.8,7.8
2023-07-13T04:20:00-04:00,,53,68,977.46,,5.3,2.91,7.5,7.5
2023-07-13T04:30:00-04:00,,53,68,977.39,,5.5,2.08,7.3,7.3
2023-07-13T04:40:00-04:00,,53,68,977.23,,5.3,1.76,6.9,6.9
2023-07-13T04:50:00-04:00,,53,68,977.1,,5.1,1.88,6.7,6.7
2023-07-13T05:00:00-04:00,,53,68,976.91,,4.7,1.98,6.4,6.4
2023-07-13T05:10:00-04:00,,53,68,976.37,,4.8,1.98,6.3,6.3
2023-07-13T05:20:00-04:00,,52,68,976.63,,5.1,2.39,6.6,6.6
2023-07-13T05:30:00-04:00,,52,68,976.63,,5.7,2.67,7.1,7.1
2023-07-13T05:40:00-04:00,,51,68,976.65,,6,2.74,7.6,7.6
2023-07-13T05:50:00-04:00,,52,67,975.95,,5.7,2.52,7.4,7.4
2023-07-13T06:00:00-04:00,,52,67,975.89,,5.3,2.95,6.9,6.9
2023-07-13T06:10:00-04:00,,52,68,976.28,,4.8,2.87,6.3,6.3
2023-07-13T06:20:00-04:00,,52,67,975.6,,4.7,2.86,6.4,6.4
2023-07-13T06:30:00-04:00,,52,68,976.02,,4.8,2.65,6.4,6.4
2023-07-13T06:40:00-04:00,,51,68,975.3,,4.9,2.16,6.3,6.3
2023-07-13T06:50:00-04:00,,51,68,975.24,,5.5,2.07,6.8,6.8
2023-07-13T07:00:00-04:00,,51,68,975.31,,5.4,2,6.6,6.6
2023-07-13T07:10:00-04:00,,51,68,975.46,,5.1,3.09,6.7,6.7
2023-07-13T07:20:00-04:00,,51,69,976.03,,5.3,3.74,7.4,7.4
2023-07-13T07:30:00-04:00,,51,69,976.05,,4.8,2.74,6.5,6.5
2023-07-13T07:40:00-04:00,,51,69,976.15,,5.2,4.96,7.3,7.3
2023-07-13T07:50:00-04:00,,51,70,976.27,,6.5,5.14,10.3,10.3
2023-07-13T08:00:00-04:00,,51,70,976.31,,7,23.05,10.7,11.4
2023-07-13T08:10:00-04:00,,51,70,976.28,,7.3,5.9,11.3,11.3
2023-07-13T08:20:00-04:00,,51,70,976.31,,5.7,5.07,8.5,8.5
2023-07-13T08:30:00-04:00,,50,70,976.4,,5.7,3.96,8,8
2023-07-13T08:40:00-04:00,,50,71,976.5,,5.2,3.83,7.3,7.3
2023-07-13T08:50:00-04:00,,50,71,976.56,,5.2,7.29,7.5,7.5
2023-07-13T09:00:00-04:00,,50,71,976.56,,4.9,4.53,7,7
2023-07-13T09:10:00-04:00,,51,71,976.54,,4.8,3.72,6.5,6.5
2023-07-13T09:20:00-04:00,,51,70,976.52,,5.8,3.43,8.5,8.5
2023-07-13T09:30:00-04:00,,52,70,976.49,,4.6,2.33,6.2,6.2
2023-07-13T09:40:00-04:00,,53,70,976.45,,5.2,4.06,7.4,7.4
2023-07-13T09:50:00-04:00,,54,70,976.59,,6.4,4.09,9.5,9.5
2023-07-13T10:00:00-04:00,,54,70,976.55,,5.3,2.81,7.6,7.6
2023-07-13T10:10:00-04:00,,54,70,976.49,,7.7,7.92,12.2,12.2
2023-07-13T10:20:00-04:00,,54,70,976.4,,5.9,3.78,8.7,8.7
2023-07-13T10:30:00-04:00,,53,71,976.44,,5.3,2.25,7.5,7.5
2023-07-13T10:40:00-04:00,,53,71,976.44,,5.2,3.16,7.4,7.4
2023-07-13T10:50:00-04:00,,53,71,976.37,,4.8,2.49,6.6,6.6
2023-07-13T11:00:00-04:00,,53,71,976.49,,4.9,3.1,6.9,6.9
2023-07-13T11:10:00-04:00,,53,71,976.56,,4.7,2.44,6.3,6.3
2023-07-13T11:20:00-04:00,,54,70,976.47,,4.7,1.64,6.2,6.2
2023-07-13T11:30:00-04:00,,54,71,976.46,,4.7,2.61,6.5,6.5
2023-07-13T11:40:00-04:00,,53,71,976.38,,4.4,2.07,6,6
2023-07-13T11:50:00-04:00,,52,72,976.28,,4.5,2.02,5.9,5.9
2023-07-13T12:00:00-04:00,,50,73,976.25,,4.6,2.37,6.2,6.2
2023-07-13T12:10:00-04:00,,49,74,976.26,,4.7,2.47,6.3,6.3
2023-07-13T12:20:00-04:00,,46,77,976.2,,4.7,2.39,6.3,6.3
2023-07-13T12:30:00-04:00,,44,78,976.06,,4.7,1.69,5.8,5.8
2023-07-13T12:40:00-04:00,,42,79,975.96,,4.6,1.98,6,6
2023-07-13T12:50:00-04:00,,42,79,975.9,,4.8,1.47,6.2,6.2
2023-07-13T13:00:00-04:00,,41,79,975.84,,4.5,2.06,5.9,5.9
2023-07-13T13:10:00-04:00,,40,80,975.67,,5.2,2.37,7.1,7.1
2023-07-13T13:20:00-04:00,,39,82,975.7,,4.5,1.73,5.8,5.8
2023-07-13T13:30:00-04:00,,36,83,975.72,,4.2,1.46,5.3,5.3
2023-07-13T13:40:00-04:00,,35,84,975.69,,4.3,1.97,5.8,5.8
2023-07-13T13:50:00-04:00,,33,84,975.68,,3.5,1.77,4.3,4.3
2023-07-13T14:00:00-04:00,,33,86,975.6,,3.4,1.8,4.1,4.1
2023-07-13T14:10:00-04:00,,31,88,975.47,,3.5,1.37,4.2,4.2
2023-07-13T14:20:00-04:00,,30,88,975.43,,3.7,1.49,4.5,4.5
2023-07-13T14:30:00-04:00,,30,88,975.37,,3.8,2.44,5.1,5.1
2023-07-13T14:40:00-04:00,,29,90,975.38,,3.8,1.65,4.6,4.6
2023-07-13T14:50:00-04:00,,28,91,975.28,,3.6,1.6,4.3,4.3
2023-07-13T15:00:00-04:00,,28,91,975.31,,3.7,2.24,4.6,4.6
2023-07-13T15:10:00-04:00,,28,91,975.35,,3.8,1.27,4.5,4.5
2023-07-13T15:20:00-04:00,,27,92,975.34,,3.8,1.75,4.9,4.9
2023-07-13T15:30:00-04:00,,25,92,975.3,,3.9,1.52,4.8,4.8
2023-07-13T15:40:00-04:00,,26,91,975.36,,3.8,1.85,4.7,4.7
2023-07-13T15:50:00-04:00,,26,91,975.31,,3.9,1.29,4.8,4.8
2023-07-13T16:00:00-04:00,,28,89,975.35,,4,1.16,5.1,5.1
2023-07-13T16:10:00-04:00,,29,88,975.34,,4.4,1.41,5.7,5.7
2023-07-13T16:20:00-04:00,,29,87,975.4,,3.8,1.52,4.7,4.7
2023-07-13T16:30:00-04:00,,29,90,975.44,,4.2,1.72,5.3,5.3
2023-07-13T16:40:00-04:00,,26,92,975.47,,4.1,1.8,5.4,5.4
2023-07-13T16:50:00-04:00,,27,88,975.51,,5.7,4.32,8.3,8.4
2023-07-13T17:00:00-04:00,,29,86,975.6,,4.3,1.78,5.7,5.7
2023-07-13T17:10:00-04:00,,28,89,975.62,,8.1,5.37,10.3,12.4
2023-07-13T17:20:00-04:00,,25,92,975.62,,4.2,1.27,5.4,5.4
2023-07-13T17:30:00-04:00,,24,91,975.63,,12.3,8.81,15.6,19.6
2023-07-13T17:40:00-04:00,,26,89,975.53,,4.7,2,6.2,6.2
2023-07-13T17:50:00-04:00,,26,88,975.53,,8,5.14,12,12.2
2023-07-13T18:00:00-04:00,,27,88,975.54,,19.1,16.04,25.4,32
2023-07-13T18:10:00-04:00,,27,89,975.45,,5.7,3.73,8,8
2023-07-13T18:20:00-04:00,,27,86,975.48,,5.2,3.8,7.3,7.3
2023-07-13T18:30:00-04:00,,28,86,975.5,,5.3,2.62,7.5,7.5
2023-07-13T18:40:00-04:00,,26,89,975.52,,5.2,2.6,7.2,7.2
2023-07-13T18:50:00-04:00,,23,92,975.48,,13.2,11.42,15.4,20.3
2023-07-13T19:00:00-04:00,,21,95,975.49,,39.4,34.7,45,63.9
2023-07-13T19:10:00-04:00,,22,94,975.53,,22,16.23,26.8,35.9
2023-07-13T19:20:00-04:00,,23,94,975.59,,4.8,1.31,6.4,6.4
2023-07-13T19:30:00-04:00,,25,93,975.6,,4.5,2.01,6.1,6.1
2023-07-13T19:40:00-04:00,,25,92,975.64,,4.8,2.48,6.7,6.7
2023-07-13T19:50:00-04:00,,31,89,975.61,,5,1.76,7,7
2023-07-13T20:00:00-04:00,,35,86,975.68,,5.1,2.09,7.2,7.2
2023-07-13T20:10:00-04:00,,37,84,975.7,,5.4,1.79,7.7,7.7
2023-07-13T20:20:00-04:00,,40,82,975.71,,5.3,1.83,7.6,7.6
2023-07-13T20:30:00-04:00,,42,79,975.84,,5.2,1.66,7.4,7.4
2023-07-13T20:40:00-04:00,,43,77,975.91,,5.6,2.14,8.1,8.1
2023-07-13T20:50:00-04:00,,45,76,975.97,,6,2.7,8.7,8.7
2023-07-13T21:00:00-04:00,,46,75,976,,6.4,3.11,9.4,9.4
2023-07-13T21:10:00-04:00,,47,75,976.07,,6.7,3.53,9.9,9.9
2023-07-13T21:20:00-04:00,,48,75,976.14,,7.1,3.61,10.9,10.9
2023-07-13T21:30:00-04:00,,49,74,976.21,,7.3,4.13,11.3,11.3
2023-07-13T21:40:00-04:00,,50,73,976.36,,7.2,2.96,10.6,10.6
2023-07-13T21:50:00-04:00,,51,73,976.43,,7.8,3.31,11.9,11.9
2023-07-13T22:00:00-04:00,,51,73,976.47,,7.7,3.51,11.8,11.8
2023-07-13T22:10:00-04:00,,52,72,976.54,,8.4,4.31,12.7,12.7
2023-07-13T22:20:00-04:00,,53,72,976.49,,7.3,3.62,11.2,11.2
2023-07-13T22:30:00-04:00,,54,72,976.43,,7.2,4.12,11,11
2023-07-13T22:40:00-04:00,,55,71,976.38,,7.6,4.01,11.6,11.6
2023-07-13T22:50:00-04:00,,56,71,976.41,,7.1,3.31,10.6,10.6
2023-07-13T23:00:00-04:00,,56,71,976.27,,7.3,3.37,11.1,11.1
2023-07-13T23:10:00-04:00,,55,71,976.38,,7,2.61,10.3,10.3
2023-07-13T23:20:00-04:00,,56,70,976.46,,7.3,2.87,10.8,10.8
2023-07-13T23:30:00-04:00,,56,70,976.46,,7.4,2.8,11.1,11.1
2023-07-13T23:40:00-04:00,,54,70,976.53,,7.5,2.89,11,11
2023-07-13T23:50:00-04:00,,54,70,976.59,,7.3,3.92,11.2,11.2
2023-07-14T00:00:00-04:00,,54,70,976.7,,7.8,3.51,11.6,11.6
2023-07-14T00:10:00-04:00,,54,70,976.77,,7.7,3.94,11.6,11.6
2023-07-14T00:20:00-04:00,,53,70,976.88,,7.4,3.46,11,11
2023-07-14T00:30:00-04:00,,53,70,976.9,,7.4,3.65,11,11
2023-07-14T00:40:00-04:00,,52,70,976.91,,7.4,3.67,11,11
2023-07-14T00:50:00-04:00,,52,70,976.87,,7.6,3.13,11.3,11.3
2023-07-14T01:00:00-04:00,,51,71,976.97,,7.5,4.69,11.3,11.3
2023-07-14T01:10:00-04:00,,51,71,977.01,,7.6,3.41,11,11
2023-07-14T01:20:00-04:00,,51,71,977,,7.6,4.38,11.5,11.5
2023-07-14T01:30:00-04:00,,51,71,977.07,,7.4,3.12,10.9,10.9
2023-07-14T01:40:00-04:00,,51,71,977.13,,7.5,3.99,11.2,11.2
2023-07-14T01:50:00-04:00,,52,71,977.2,,7.3,4.35,10.9,10.9
2023-07-14T02:00:00-04:00,,52,71,977.26,,7.4,3.45,10.9,10.9
2023-07-14T02:10:00-04:00,,53,70,977.31,,7.5,2.89,10.9,10.9
2023-07-14T02:20:00-04:00,,53,70,977.31,,8.7,3.74,13.3,13.3
2023-07-14T02:30:00-04:00,,53,70,977.44,,8.5,4.05,13,13
2023-07-14T02:40:00-04:00,,53,70,977.49,,8.1,3.46,12.3,12.3
2023-07-14T02:50:00-04:00,,53,70,977.42,,7.2,3.49,10.8,10.8
2023-07-14T03:00:00-04:00,,54,70,977.5,,7.5,5.12,11.6,11.6
2023-07-14T03:10:00-04:00,,54,69,977.53,,7.2,3.52,10.6,10.6
2023-07-14T03:20:00-04:00,,55,69,977.47,,8,4.73,11.4,11.4
2023-07-14T03:30:00-04:00,,56,68,977.52,,8.2,2.18,11,11
2023-07-14T03:40:00-04:00,,57,68,977.56,,6.4,3.77,9.6,9.6
2023-07-14T03:50:00-04:00,,58,67,977.62,,6.2,3.34,9,9
2023-07-14T04:00:00-04:00,,59,67,977.75,,6.4,3.19,9.2,9.2
2023-07-14T04:10:00-04:00,,59,67,977.79,,6.2,3.5,8.8,8.8
2023-07-14T04:20:00-04:00,,60,67,977.78,,6.1,2.42,8.7,8.7
2023-07-14T04:30:00-04:00,,61,66,976.91,,6.1,4.14,9.2,9.2
2023-07-14T04:40:00-04:00,,61,67,977.79,,6.6,3.1,9.7,9.7
2023-07-14T04:50:00-04:00,,62,65,977.25,,6.1,4.04,8.7,8.7
2023-07-14T05:00:00-04:00,,63,66,977.79,,6,2.79,8.4,8.4
2023-07-14T05:10:00-04:00,,63,66,977.95,,6.1,2.69,8.6,8.6
2023-07-14T05:20:00-04:00,,64,66,978.07,,6.3,4.48,9.1,9.1
2023-07-14T05:30:00-04:00,,64,65,977.69,,6.6,2.91,8.9,8.9
2023-07-14T05:40:00-04:00,,64,65,977.92,,6.9,3.86,9.5,9.5
2023-07-14T05:50:00-04:00,,64,66,978.43,,7.3,4.1,9.9,9.9
2023-07-14T06:00:00-04:00,,65,65,978.54,,7.9,4.52,11.2,11
2023-07-14T06:10:00-04:00,,66,65,978.27,,8,4.61,10.8,10.8
2023-07-14T06:20:00-04:00,,66,65,978.61,,7.2,4.34,9.9,9.9
2023-07-14T06:30:00-04:00,,66,66,978.63,,7.1,4.56,9.8,9.8
2023-07-14T06:40:00-04:00,,66,66,978.88,,7.2,4.09,10.1,10.1
2023-07-14T06:50:00-04:00,,66,66,978.91,,6.7,4.32,9.6,9.6
2023-07-14T07:00:00-04:00,,66,66,978.89,,6.8,3.3,9.6,9.6
2023-07-14T07:10:00-04:00,,66,67,978.75,,6.5,3.31,9.7,9.7
2023-07-14T07:20:00-04:00,,65,66,977.99,,6.4,3.44,8.8,8.8
2023-07-14T07:30:00-04:00,,64,67,978.63,,6.6,3.01,9.1,9.1
2023-07-14T07:40:00-04:00,,64,68,978.62,,7,4.03,9.6,9.6
2023-07-14T07:50:00-04:00,,63,68,978.48,,8.7,4.13,11.5,11.5
2023-07-14T08:00:00-04:00,,62,69,978.62,,7.6,3.93,10.4,10.4
2023-07-14T08:10:00-04:00,,61,68,977.88,,6.9,4.16,9.5,9.5
2023-07-14T08:20:00-04:00,,60,70,978.6,,6.4,2.88,9.1,9.1
2023-07-14T08:30:00-04:00,,58,70,978.07,,6.4,3.91,9.1,9.1
2023-07-14T08:40:00-04:00,,57,70,977.82,,6.2,3.51,8.8,8.8
2023-07-14T08:50:00-04:00,,57,71,978.05,,6.1,2.89,8.5,8.5
2023-07-14T09:00:00-04:00,,55,71,977.81,,6,3.58,8.7,8.7
2023-07-14T09:10:00-04:00,,54,72,978.42,,6.2,3.16,8.8,8.8
2023-07-14T09:20:00-04:00,,53,73,978.58,,6.2,3.82,8.5,8.5
2023-07-14T09:30:00-04:00,,52,73,978.61,,5.8,3.67,8.3,8.3
2023-07-14T09:40:00-04:00,,51,74,978.6,,6,3.45,8.5,8.5
2023-07-14T09:50:00-04:00,,50,74,978.32,,6,2.31,8.2,8.2
2023-07-14T10:00:00-04:00,,49,76,978.7,,5.8,3.12,8.1,8.1
2023-07-14T10:10:00-04:00,,47,77,978.58,,5.5,2.56,7.6,7.6
2023-07-14T10:20:00-04:00,,45,77,978.57,,5.4,2.85,7.7,7.7
2023-07-14T10:30:00-04:00,,44,79,978.54,,5.2,2.13,7.2,7.2
2023-07-14T10:40:00-04:00,,42,79,978.47,,5,2.22,6.7,6.7
2023-07-14T10:50:00-04:00,,42,80,978.56,,4.7,2.03,6.3,6.3
2023-07-14T11:00:00-04:00,,40,81,978.55,,4.7,1.51,6.3,6.3
2023-07-14T11:10:00-04:00,,39,82,978.52,,4.6,2.18,5.9,5.9
2023-07-14T11:20:00-04:00,,38,82,978.56,,4.4,1.57,5.7,5.7
2023-07-14T11:30:00-04:00,,38,82,978.54,,4.4,2.37,6,6
2023-07-14T11:40:00-04:00,,37,83,978.68,,4.4,2.21,5.9,5.9
2023-07-14T11:50:00-04:00,,37,84,978.76,,4.3,1.45,5.7,5.7
2023-07-14T12:00:00-04:00,,36,84,978.8,,4.3,1.74,5.6,5.6
2023-07-14T12:10:00-04:00,,37,83,978.87,,4.5,1.3,5.8,5.8
2023-07-14T12:20:00-04:00,,38,83,978.84,,4.5,2.46,5.9,5.9
2023-07-14T12:30:00-04:00,,39,82,978.77,,4.4,1.77,5.9,5.9
2023-07-14T12:40:00-04:00,,38,83,978.78,,4.3,2.14,5.7,5.7
2023-07-14T12:50:00-04:00,,37,84,978.79,,4.3,2.11,5.5,5.5
2023-07-14T13:00:00-04:00,,36,85,978.87,,4.4,2.57,5.6,5.6
2023-07-14T13:10:00-04:00,,35,84,978.9,,4.3,2.38,5.7,5.7
2023-07-14T13:20:00-04:00,,34,84,978.87,,4.3,2.33,5.6,5.6
2023-07-14T13:30:00-04:00,,37,83,979.01,,4.4,2.41,5.7,5.7
2023-07-14T13:40:00-04:00,,40,81,979.1,,4.6,2.18,6.1,6.1
2023-07-14T13:50:00-04:00,,40,82,979.05,,4.6,2.72,6.2,6.2
2023-07-14T14:00:00-04:00,,39,82,979.09,,4.8,3.26,6.6,6.6
2023-07-14T14:10:00-04:00,,38,82,979.06,,4.9,2.8,6.7,6.7
2023-07-14T14:20:00-04:00,,37,84,979.1,,5.1,2.18,6.8,6.8
2023-07-14T14:30:00-04:00,,37,84,979.21,,4.8,2.6,6.4,6.4
2023-07-14T14:40:00-04:00,,37,83,979.25,,4.7,3.56,6.5,6.5
2023-07-14T14:50:00-04:00,,38,82,979.21,,4.7,3.26,6.4,6.4
2023-07-14T15:00:00-04:00,,39,81,979.24,,5,2.86,6.7,6.7
2023-07-14T15:10:00-04:00,,39,82,979.33,,5,2.11,6.6,6.6
2023-07-14T15:20:00-04:00,,39,84,979.36,,5.3,3.05,7.2,7.2
2023-07-14T15:30:00-04:00,,39,83,979.18,,5.4,3.38,7.4,7.4
2023-07-14T15:40:00-04:00,,39,84,979.15,,5.3,3.25,7.1,7.1
2023-07-14T15:50:00-04:00,,39,83,979.1,,5.4,3.34,7.3,7.3
2023-07-14T16:00:00-04:00,,38,83,979.03,,5.3,2.81,7.2,7.2
2023-07-14T16:10:00-04:00,,39,83,979.07,,5.8,4.15,8,8
2023-07-14T16:20:00-04:00,,40,82,979.04,,5.5,2.85,7.5,7.5
2023-07-14T16:30:00-04:00,,39,83,979.02,,5.6,2.49,7.6,7.6
2023-07-14T16:40:00-04:00,,39,83,979.04,,5.8,3.6,8.2,8.2
2023-07-14T16:50:00-04:00,,38,84,978.99,,5.4,3.92,7.6,7.6
2023-07-14T17:00:00-04:00,,37,86,979.01,,5.7,3.91,7.8,7.8
2023-07-14T17:10:00-04:00,,35,88,978.96,,5.8,2.72,7.9,7.9
2023-07-14T17:20:00-04:00,,35,86,978.93,,5.6,3.45,7.7,7.7
2023-07-14T17:30:00-04:00,,38,83,978.88,,5.6,2.93,7.8,7.8
2023-07-14T17:40:00-04:00,,40,82,978.83,,5.5,2.26,7.6,7.6
2023-07-14T17:50:00-04:00,,42,81,978.78,,5.7,2.98,7.8,7.8
2023-07-14T18:00:00-04:00,,42,81,978.84,,5.5,3.26,7.8,7.8
2023-07-14T18:10:00-04:00,,44,81,978.8,,5.9,2.94,7.9,7.9
2023-07-14T18:20:00-04:00,,42,82,978.67,,5.7,3.46,7.9,7.9
2023-07-14T18:30:00-04:00,,42,82,978.64,,5.5,3.32,7.6,7.6
2023-07-14T18:40:00-04:00,,42,81,978.61,,5.3,2.99,7.3,7.3
2023-07-14T18:50:00-04:00,,42,81,978.5,,5.3,2.44,6.9,6.9
2023-07-14T19:00:00-04:00,,42,81,978.53,,5.1,2.49,6.8,6.8
2023-07-14T19:10:00-04:00,,43,81,978.52,,5.3,3.48,7.2,7.2
2023-07-14T19:20:00-04:00,,41,83,978.52,,5.3,2.8,7.1,7.1
2023-07-14T19:30:00-04:00,,40,84,978.52,,5.3,2.74,7.2,7.2
2023-07-14T19:40:00-04:00,,39,85,978.58,,5.4,2.03,7.1,7.1
2023-07-14T19:50:00-04:00,,41,84,978.65,,5,2.26,6.8,6.8
2023-07-14T20:00:00-04:00,,43,82,978.7,,5.2,2.32,7,7
2023-07-14T20:10:00-04:00,,45,80,978.74,,5.7,3.29,7.7,7.7
2023-07-14T20:20:00-04:00,,46,79,978.76,,5.6,3.21,7.8,7.8
2023-07-14T20:30:00-04:00,,48,78,978.83,,5.8,2.44,7.8,7.8
2023-07-14T20:40:00-04:00,,49,77,978.87,,5.6,2.99,7.8,7.8
2023-07-14T20:50:00-04:00,,51,77,978.77,,5.7,2.85,8.1,8.1
2023-07-14T21:00:00-04:00,,51,76,978.79,,6.1,3.13,8.6,8.6
2023-07-14T21:10:00-04:00,,53,75,978.9,,6.3,4.11,8.9,8.9
2023-07-14T21:20:00-04:00,,54,75,978.99,,6.2,2.9,8.9,8.9
2023-07-14T21:30:00-04:00,,55,75,979,,6.6,3.27,9.4,9.4
2023-07-14T21:40:00-04:00,,55,75,979,,6.8,4.24,9.8,9.8
2023-07-14T21:50:00-04:00,,55,75,979.14,,7.3,3.36,10.9,10.9
2023-07-14T22:00:00-04:00,,56,74,979.07,,7.8,4.69,11.5,11.5
2023-07-14T22:10:00-04:00,,56,75,978.96,,7.5,4.28,11.5,11.5
2023-07-14T22:20:00-04:00,,56,74,978.89,,7.1,3.85,10.4,10.4
2023-07-14T22:30:00-04:00,,56,74,978.88,,7.1,3.29,10.2,10.2
2023-07-14T22:40:00-04:00,,56,74,978.91,,7,3.66,10.1,10.1
2023-07-14T22:50:00-04:00,,56,73,978.85,,9.5,6.62,14.7,14.7
2023-07-14T23:00:00-04:00,,57,73,978.84,,11.7,8.99,18.8,18.8
2023-07-14T23:10:00-04:00,,57,73,979.03,,7.6,3.58,10.8,10.8
2023-07-14T23:20:00-04:00,,58,73,979.11,,6.6,3.42,9.7,9.7
2023-07-14T23:30:00-04:00,,58,72,979.15,,6.9,3.29,10.1,10.1
2023-07-14T23:40:00-04:00,,58,73,979.02,,7.7,4.33,11.5,11.5
2023-07-14T23:50:00-04:00,,58,73,979.08,,6.9,3.37,10.1,10.1
